,feature_00,feature_01,feature_02,feature_03,feature_04,feature_05,feature_06,feature_07,feature_08,feature_09,feature_10,feature_11,feature_12,feature_13,feature_14,feature_15,feature_16,feature_17,feature_18,feature_19,feature_20,feature_21,feature_22,feature_23,feature_24,feature_25,feature_26,feature_27,feature_28,feature_29,feature_30,feature_31,feature_32,feature_33,feature_34,feature_35,feature_36,feature_37,feature_38,feature_39,feature_40,feature_41,feature_42,feature_43,feature_44,feature_45,feature_46,feature_47,feature_48,feature_49,feature_50,feature_51,feature_52,feature_53,feature_54,feature_55,feature_56,feature_57,feature_58,feature_59,feature_60,feature_61,feature_62,feature_63,feature_64,feature_65,feature_66,feature_67,feature_68,feature_69,feature_70,feature_71,feature_72,feature_73,feature_74,feature_75,feature_76,feature_77,feature_78
feature_00,1.0,0.05815845781874733,0.9445654116561699,0.9466242444709992,0.02045173873811831,-0.02811041708000164,0.00044539186025946816,0.004919613827907075,0.10800764769344116,-0.00043038341115613074,0.011154806870819042,-0.004506397471366483,0.010989099062004107,0.006613387045189971,0.014224115936710233,-0.1468278905523803,-0.1425500036748122,-0.15778336078295072,0.004116804452453495,-0.03382954704159849,-0.0714300046487798,-0.006408938416868287,-0.01821206053056327,-0.010028405889887685,0.18966865183159984,0.10969718367215603,0.0029028941871859287,-0.14172292550579946,-0.16045100946444998,-0.1403032637503173,-0.16561470836415823,-0.0077881374673328015,0.517225042825283,-0.018300825459681754,0.5342614493770941,0.5338751135590092,0.013171690364039078,0.03992739210578281,0.07239547831306334,-0.0024349230597395734,-0.0015507615605270828,0.0076415080853791464,-0.010947775562780617,-0.02283683223944106,-0.014918897418833503,-0.017959896416355592,-0.00867084007117751,-0.018806310962346192,-0.005604096897595627,-0.003977743471099937,-0.029015224824188692,-0.07732119206996349,-0.05521560594839638,0.018275304205662132,0.03358599374649751,0.04533808381578556,-0.036801449677922676,-0.002267601055393977,-0.017084121482409953,-0.005355073674500221,-0.007749621742309434,-0.20320184508021658,-0.11707490738032117,-0.08533995794902129,-0.09827448199423473,-0.003467181530116452,-0.027347697921920388,0.009059817177983794,0.003270096503172841,0.01403803983928283,0.011051723769265134,0.009462972969171944,0.014041416725396586,0.0371727110667084,0.02638403476152891,0.034337280722769176,0.024730533444300304,0.04088891771732428,0.03118664216594615
feature_01,0.05815845781874733,1.0,-0.008677700994540303,0.002362203191589414,0.31506081439401823,0.18632159156968994,-0.00023474863851324625,0.1127838276400881,-0.010155770947269502,0.0004212849209278659,0.0002993294468613198,-0.0010813620932501949,0.022376630407011742,0.02334292006500431,0.048416634649799534,-0.003713330431481681,-0.0031687666509084994,-0.0012539154529778531,-0.13413879786064467,-0.0999326799848406,-0.012967819843319286,0.012915087726752159,0.0013318247636464246,-0.0006699497338601601,0.024443052994737938,0.012786281747209381,-0.0011743011368022754,-0.016742210795659965,-0.012456296463761838,-0.0007734002831306297,-0.00378505578367516,0.012329399331791639,0.00521155937502076,0.007009249452476959,0.018146626057902362,0.02128178210896509,0.06732497871996408,-0.024451001237097567,0.04862827953109908,0.040585996469754665,-0.021052876768955033,0.0058018078173240496,-0.0005467759793179805,-0.042182859744050435,-0.030526057200497773,-0.053765651303748475,0.1444101889444574,0.0168359922963319,0.008939295846411531,0.03414871482663081,0.04133629304085627,-0.0015035482479628275,0.020528080465974884,-0.003628560480933388,-0.023083181349931196,-0.020084848033936547,-0.07052541497483719,0.12802643067445255,0.03810954167884333,-0.0020675788208718345,0.016113759508309015,-0.006363847000869066,0.00829208557865961,0.0014040320292813308,-0.001252490248602071,-0.15355460525267314,-0.0953389712925688,0.015387914176508281,0.014870076790894481,0.03811729482342449,0.03263147845920367,0.026201232539733464,0.05451866293878109,0.03824727812762824,0.029112152811317668,0.012249076176416828,0.010182455061483213,0.018308484532147278,0.013727677775379341
feature_02,0.9445654116561699,-0.008677700994540303,1.0,0.9477219436833648,-0.025192276787812308,-0.03926703639578662,-0.0051540825488877355,-0.008695651749024813,0.10416912024068616,-0.002097049544922857,0.010919668552081402,-0.007147024409453253,0.009723404674098553,0.007809197205236574,0.011276007666424942,-0.14827464028889348,-0.14410279306010698,-0.159387612459456,0.015568575592441963,-0.02797751850175295,-0.0685518653233231,-0.006329202803808399,-0.018480469747891252,-0.01090939004705391,0.1867543754668607,0.10893874269213938,0.001965076122634171,-0.14079294113995744,-0.15924878823126412,-0.141934228471904,-0.16639797296222514,-0.007846132832935069,0.5176701733439739,-0.014001918543144557,0.5325602824445823,0.532201316127228,0.006957262866907814,0.04234701720238454,0.06631085908017396,-0.007075902045951637,0.0027233350353544346,0.007756140312958796,-0.012161084717356585,-0.020295607147144238,-0.015297628609777634,-0.01544120346008456,-0.020593092577855632,-0.019201855856835356,-0.0063206982777371575,-0.007854514104761814,-0.03403230645168298,-0.07708137584134353,-0.056927286691031004,0.017772106031804975,0.03463114099219455,0.04507358768275519,-0.03385590851925985,-0.011869047193933712,-0.020545964905562514,-0.0044953747135545565,-0.008635867342337488,-0.20179721846721088,-0.11627677655717933,-0.08454829305813599,-0.09759176566766128,0.008526164938174461,-0.020282436101352483,0.009265086876909676,0.0039048129142180395,0.01187374455300203,0.008398477713842691,0.00977598645279498,0.010178265505001038,0.03193293803451124,0.022652827162750567,0.03278501418276751,0.023875807999542923,0.036861251483656335,0.027833599409714797
feature_03,0.9466242444709992,0.002362203191589414,0.9477219436833648,1.0,0.0015267911660868745,-0.0350985517215623,-0.00013135963712565058,0.0013411309183811657,0.10461465406656396,-0.0008721947643591806,0.012477590727367805,-0.005433157711167048,0.009229794238438208,0.005726133020173143,0.011961887458646434,-0.14896775143005095,-0.14343867960276235,-0.15912359756118954,0.012926883422226322,-0.02663120654762689,-0.06844177470794548,-0.007514671079245532,-0.020985483334333154,-0.012183836062064952,0.18707176639953813,0.10810843254282697,0.0019278456315901737,-0.14109208966884176,-0.16014852603242202,-0.14143972643565134,-0.16743771300162993,-0.00848055898630948,0.5174184188571581,-0.014495141194969197,0.5323561014405381,0.5319857675874441,0.010716442494776476,0.040793039037971365,0.06614771957367653,-0.006491657423922964,0.002121453984492132,0.009298092033728158,-0.010330631345447115,-0.018939016474590703,-0.012261253507031094,-0.014949028755179497,-0.01733062846987775,-0.018591413611141874,-0.00629691144158837,-0.004596234953186316,-0.03350166906213552,-0.07832243058860187,-0.05551993373052685,0.019256501056247433,0.03414147822732337,0.04671433882832858,-0.03239060595996648,-0.00915855640262278,-0.02099733064696185,-0.004660346808151193,-0.007928989758457003,-0.2015858577423568,-0.1178218128049984,-0.08425643493386947,-0.09871574725396276,0.005887591899870736,-0.020983390985272663,0.008376944005224905,0.0011037056025454649,0.011709601027233655,0.008768008646461803,0.009655002815395988,0.011356534335336243,0.034245339810418544,0.02461326109899379,0.033340679716560837,0.02493677076146557,0.03882484008231714,0.029537620855238894
feature_04,0.02045173873811831,0.31506081439401823,-0.025192276787812308,0.0015267911660868745,1.0,0.17018900232627618,0.16674483111428695,0.2825720638180232,-0.020536824239994,0.008322686710923705,-0.001758338119622067,0.007975556446414678,-0.007816605561727353,-0.006823374037727807,0.007569869708661947,-0.0016099465595244846,-0.005485871802627837,-0.0013922992318220926,-0.029444576916121422,-0.023006426773264897,-0.0059319698885609866,-0.0054600280366917135,0.001722179283680437,0.0007810365709328107,-0.0012053787776283627,-0.007587409247825774,0.005084190346677427,0.0053292828812496335,0.006520144967281428,-0.005723211283916837,-2.9314414172521038e-05,-0.006381885328734303,0.0026921721390483055,0.008681069564099097,0.0018492410175463972,0.005098435728287061,0.09236680869967585,-0.008382734461917596,0.010424272289917394,0.032551264612620284,-0.011164858461984695,0.0022142876113670183,0.028161402673868633,-0.016478255089251694,0.0043749154443748495,-0.011432638634117278,0.04189896534918469,0.018012004939452406,0.040294276085062114,0.03369025107569619,0.027616063279487645,0.010991368896401756,0.010654610315096593,0.02923825399943799,0.017041868481386755,0.018634950579948774,-0.020853324081039355,0.03439282231492713,0.016899586522806993,0.03665332306869095,0.009818972657026628,-0.006173711037040721,0.005205318862651294,0.009258468842820073,0.00967839191621216,-0.03354048464819605,-0.0236324068502819,-0.009875823103322398,-0.013465864367414399,0.003180548781818387,-0.004553415002465541,0.007182810663312208,0.01128319981447809,0.022052613236681052,0.019815043879649302,0.0062505659078442065,0.006623867134750681,0.011750250784058917,0.011061703700875494
feature_05,-0.02811041708000164,0.18632159156968994,-0.03926703639578662,-0.0350985517215623,0.17018900232627618,1.0,0.233187578896481,0.6620955607311163,-0.4656950083328454,-0.002824285932902444,0.0029334092621408963,-0.003259182912476804,-0.017926527832905628,-0.002249784935357158,-0.010522468050935792,0.013012210607517312,0.011743898431995482,0.015942329300024045,-0.10133650077674229,0.1430590868426046,0.009002848669089203,-0.010096327635876264,-0.007591596740047052,-0.00850562561217641,-0.0066095558947439,-0.0014287757717397654,-0.005963908977148798,0.0022987800805415078,0.011645196691482656,-0.0001342807879053725,0.0037017790217912794,-0.009074494297408534,0.0018824447514623316,0.17494048322425637,-0.02824769928851683,-0.027596974334476315,0.041997475117503395,-0.26736485613878214,-0.2675048856251613,0.29367635965870564,0.012475486230418657,0.11533257938670231,0.2001595431766807,-0.01378956972326441,0.04416611815035394,0.3265219900830811,0.2763140952214186,0.49137440774769664,0.09086904377648952,0.3348186306663052,0.3073097839385471,0.011940197735184673,0.140115085284309,0.2049468270082582,-0.0296070525406961,0.04221123256027895,0.3291884389196998,0.28549682268348975,0.5203474834197761,0.11574560424165792,0.35793285117462353,0.019112322306385748,0.025330621999877196,0.023095493744833474,0.02001310880752038,-0.10237514782733075,0.14126633312189846,-0.08832004668849637,-0.051438800478690996,-0.09037585978396578,0.07125323355556773,0.060424304349089956,0.08904219961239616,0.023499162394700655,0.048353885986516645,0.032137541895588685,0.05574588097522431,0.030550146039496042,0.057296988663369526
feature_06,0.00044539186025946816,-0.00023474863851324625,-0.0051540825488877355,-0.00013135963712565058,0.16674483111428695,0.233187578896481,1.0,0.5436246855225951,-0.04811281388089482,-0.0028507418664852936,-0.0015082045486664304,0.006100019969106424,-0.003896226756739837,-0.0014511332637438972,-0.0008137299123505613,0.0018182551266528076,0.005086971842929694,0.004591583881739328,0.0008120766747440423,0.0036679840612161324,0.007141399295400479,-0.001608871802945182,-0.0008355086084568374,0.00011582140909018762,-0.002114845226360665,0.003882609872753492,-0.00016233934796991,0.007030665298547077,0.004975481818436808,0.002745721221353469,0.003624362698450779,0.0009213922968356297,-0.000442214178851446,0.0004463060322398493,-0.0024822230430189404,-0.00103218381212626,0.030735424974673894,-0.028390677312490734,-0.017276980488805712,0.11240499882322043,0.1080780854272754,0.16961419802857786,0.11527881719596776,0.09568893662373897,0.1598363935346695,0.04765649272706417,0.06437779063607714,0.0951176740440325,0.34825584722879194,0.23179916822361865,0.12510031281250958,0.10499355227581089,0.21218458107412624,0.13106443374653398,0.08344489316695201,0.19864094426564105,0.04850081104060976,0.06885443594283087,0.11445680806573225,0.3901047966495739,0.23883277167080028,0.0013183972744382367,0.007042031698546226,0.009511833826036186,0.005096812814281791,-0.0023171910050695135,0.004008586602090813,-0.009668122298115086,-0.0833624855565415,-0.025910129832395344,0.0005443186731295892,0.10219497761653053,0.03170786122070056,0.0073567377011150925,0.00784568091562211,0.008021789942177424,0.009645916169792048,0.0058634695386498405,0.01102190294952761
feature_07,0.004919613827907075,0.1127838276400881,-0.008695651749024813,0.0013411309183811657,0.2825720638180232,0.6620955607311163,0.5436246855225951,1.0,-0.17900049106213578,-0.0008017815498179966,0.0007687290552287681,0.004261044206157051,-0.005657696259792109,0.005699896952022442,0.006041646996176664,0.0016630298639209434,0.007132204231963695,0.007467638857210318,-0.0248283331423738,0.04022782428573571,-0.0007480048474704338,-0.004549509771127173,-0.0018018892092630347,-5.9867124372541476e-05,-0.003834213347930496,-0.0021202761590697976,0.002547883625878859,0.004751452653350084,0.005512615639779324,0.0018379454507005835,0.0036309458425027217,-0.0027232446082195534,0.002903034395505593,0.04258581404851459,-0.004240816305249059,-0.0016068524546345021,0.06254820816799946,-0.12003194240838619,-0.09778804120410771,0.30021810848884695,0.04916315715063269,0.22150737544820812,0.26594337706001175,0.01883415974257385,0.1608007423797916,0.16954616358728036,0.18635213779735244,0.321653013001486,0.22596673358494532,0.4723782354474711,0.3254377181527801,0.027387965001389042,0.2562554538746747,0.29153325573129335,-0.011399331657971516,0.18332179038450902,0.1728145251067624,0.19436304722179037,0.3732426873170678,0.26603134332568323,0.49674776153703376,0.0044756799991249475,0.0063186334632236996,0.013115638057674253,0.005437039365625391,-0.030452760090627536,0.0434910267193141,-0.04260330484357133,-0.07797946211133724,-0.08043515337949993,0.041346560291076306,0.1089401210704916,0.11233220679478075,-0.0020422143975745446,0.004116891864579096,0.01954960866373191,0.02904085282261407,0.00564900581771247,0.018117181792977676
feature_08,0.10800764769344116,-0.010155770947269502,0.10416912024068616,0.10461465406656396,-0.020536824239994,-0.4656950083328454,-0.04811281388089482,-0.17900049106213578,1.0,0.001725841146499358,-0.0006877317811130937,-0.002559300323586217,0.03577603646583507,0.013810020681977566,0.024434474477745768,-0.03419154837141108,-0.033651412348383876,-0.03447119861280468,0.22530002813793237,-0.22952943709191215,-0.05180144855526324,0.014665821168833165,-0.0008407457413228253,-0.004678307030278784,0.021071664801658566,-0.010013446719826593,0.007466082038426735,-0.0066471090508426305,-0.0176299014399498,-0.01834368083261281,-0.02240833175706898,0.014333962394708853,0.05658047240452361,-0.1557611204717226,0.08078496779544876,0.08314709085374829,-0.012499495674862256,0.37513264810183095,0.5553692154453059,-0.12072950829952572,-0.004374434505725195,-0.039666802861318066,-0.03154479077564925,0.003407073068603691,-0.003930095758977497,-0.33047335584522936,-0.1984464510907533,-0.24513300177547276,-0.02106444288190941,-0.1017301693559211,-0.13314922672118115,-0.03267123241284146,-0.07639205750345145,-0.011971550353874936,0.01190575653859054,0.02963556102892802,-0.337399782994922,-0.2059137932510093,-0.24179978010128703,-0.03555470794461779,-0.10762503107700744,-0.04078183667738893,-0.05356575331454248,-0.040051525537483985,-0.04681083152303105,0.2194930311128827,-0.21097213664557887,0.0772603340975475,0.027948645517687738,0.05435780684284149,-0.019271986029292774,-0.008481904894867293,-0.014912813590667833,-0.04551196941042195,-0.10082602336048102,-0.032239951051807346,-0.07791018411213757,-0.043653945976342555,-0.09552496981550057
feature_09,-0.00043038341115613074,0.0004212849209278659,-0.002097049544922857,-0.0008721947643591806,0.008322686710923705,-0.002824285932902444,-0.0028507418664852936,-0.0008017815498179966,0.001725841146499358,1.0,-0.3171319966674275,0.7117510822608899,-0.008781805478406022,-0.007433206016870342,-0.009395690935463974,0.05947130996432977,0.06378833177904922,0.06613320801033074,0.003153884369204039,-0.002296425975061287,-0.14216918129633627,0.029038993155480884,-0.10010285276131368,-0.03896110772197788,-0.04839148536734109,-0.09415540515119282,0.13495990105904318,0.013860205743140739,-0.01699036809933694,0.06268233110798928,0.06529568639830832,0.027303933272645225,-0.010899297517339073,-0.003466465872375893,-0.008756310110458458,-0.009219137544180963,-0.0015011701078823537,0.00026156651435255905,0.001259698723090082,0.011140933049294074,0.00335739013233388,0.007448189878878434,-0.007732364500938728,0.0018140987018711795,-0.00116411293159786,0.01582140376992165,-0.009697026223597463,-0.0013801022891759592,0.002625447003635866,0.003055280456599825,0.021776863728457645,0.009410324050967783,0.027078117059835836,-0.016323595650833495,-0.01814085329354651,-0.02402634184185806,0.021649842954781787,-0.013893810362439757,-0.00033040764112368025,-0.00010767191254774788,0.002117352979334483,-0.0015112529645179421,0.024870467895745933,0.022542832089040576,0.026404952119419588,0.0030481814445597094,0.003126422502831574,-0.009856760434785547,-0.011368249503256243,-0.011046478293373452,-0.010415145495803281,-0.0026117639318658055,-0.006573534093655881,0.0009636553889196153,0.00021846850335313094,0.0009887091498936716,0.001707431994503592,-0.00043285536247317723,0.0010137935087702376
feature_10,0.011154806870819042,0.0002993294468613198,0.010919668552081402,0.012477590727367805,-0.001758338119622067,0.0029334092621408963,-0.0015082045486664304,0.0007687290552287681,-0.0006877317811130937,-0.3171319966674275,1.0,-0.26126790134524136,-0.011297699342855013,-0.010201213543877537,-0.009855276596315328,0.1515237935113301,0.139991472213581,0.16449496989318024,0.01403148022846201,0.036711901952249715,0.0344984753882291,-0.08144406211382545,-0.10121081399092817,0.09563338412997029,-0.03081446597605116,-0.06794488765974512,-0.021349633895295303,-0.13465257859116667,-0.06733660766587393,0.18508987426164566,0.17683818088235823,-0.07972552916687432,0.048031582290484834,0.009321083523378489,0.04884757416218137,0.04715436936389198,-0.0013388323962146788,-0.018644148143449234,-0.014685455749668492,0.023203325475785276,0.022289907968998962,0.02021471449594774,-0.005320504492306745,0.01724544822218049,0.003340384383363956,0.008950003888477132,0.016209099367829542,0.01303021669937819,-0.00097980666774327,0.002385164474592014,0.027645845952175088,0.062340634833902675,0.0552137489468398,-0.03221361700637684,-0.03070035991520677,-0.05856178147174057,0.0024197287765450135,0.008448094184845144,0.011195916898378788,-0.004321139193728583,0.005024191488693616,-0.0029038261578694905,0.01699145785203611,0.02596339968762032,0.029187569591714275,0.012722355309229069,0.03842048114092364,-0.009023813222900669,-0.007742093033064158,-0.007995589598413264,-0.007657149643227437,-0.00898752004134223,-0.0076419487972490254,-0.04549869305439463,-0.043205035888424746,-0.0337844533403,-0.03297233083045182,-0.041223033690339035,-0.04024923117653505
feature_11,-0.004506397471366483,-0.0010813620932501949,-0.007147024409453253,-0.005433157711167048,0.007975556446414678,-0.003259182912476804,0.006100019969106424,0.004261044206157051,-0.002559300323586217,0.7117510822608899,-0.26126790134524136,1.0,0.0016695641512266734,-0.0009728311999648818,-0.0008668528810475746,0.12956707644729118,0.1351093017494299,0.1441344394197121,0.023237072334885603,0.014916975026175115,-0.0014901292778465686,0.18958318510420574,0.1078198345316032,0.2059385502432071,0.018089540391414707,0.04083243262373464,0.1697538215848058,0.009688988421485604,-0.011453705263604291,0.18335049772109688,0.1574100649825666,0.1886711892854549,-0.008933521731981461,-0.006572065273479448,-0.006732342261898372,-0.006865909227193306,0.0008390872148514248,0.0033545673111247875,0.0051179605441668725,0.018687788910168163,0.010300099781952921,0.020596045518715658,-0.017264853611845793,-0.004782505369575798,-0.016121596252992795,0.009052946124792894,-0.002884285038273309,-0.004019898508928921,0.006164095703585751,0.0028166262266511935,0.03270889329791736,0.07764083070377041,0.06831787626119955,-0.02452399801712005,-0.06301614667395365,-0.05416207444270076,0.011293206706115515,-0.00605783435769859,-0.0020879406873446716,0.00793624358106262,0.0027575095453903032,-0.001231828806040245,0.019500580889672284,0.028524083205574233,0.03068759820053069,0.02110248896876895,0.01409793879390397,0.008604349154975852,-0.004660340776911103,0.0008591586414637503,-0.0069656936770225745,0.002749497922261709,-0.004053320243242328,-0.0783885279241508,-0.07745919089333944,-0.05543437139542886,-0.053776276131365534,-0.06909569344803744,-0.06953471316440787
feature_12,0.010989099062004107,0.022376630407011742,0.009723404674098553,0.009229794238438208,-0.007816605561727353,-0.017926527832905628,-0.003896226756739837,-0.005657696259792109,0.03577603646583507,-0.008781805478406022,-0.011297699342855013,0.0016695641512266734,1.0,0.4676318044128111,0.7753562841957728,0.026863076607929963,0.027635749835851774,0.022847208170974118,0.14921985595473714,-0.07821993366998507,-0.025597148279323776,-0.051708664132873436,-0.055679369268274305,-0.011265526226094795,-0.02427253824349704,0.00018364217224430403,-0.01485087280984024,-0.019309258047460486,-0.01533242479278103,0.025906153223120572,0.031121896578554492,-0.05109265237309208,-0.02423343385718811,-0.07412402521561516,-0.012316789376018388,-0.009113185579570984,0.0038411781788256637,0.19906282607983153,0.20949082235821337,0.19344187295191603,0.05204973527299748,0.13028337085614275,-0.25505269487510385,-0.05911749355648291,-0.13438576988383472,0.015255726693749956,-0.2707986469410714,-0.16758787029433245,0.0038135277781300354,-0.04646914101382474,0.2324587945891091,0.11064777025431428,0.1787443044173096,-0.2890048561820644,-0.11113548059110685,-0.18263417539716773,0.02645013217418669,-0.29167776305940973,-0.169202595210414,-5.22108731231863e-05,-0.056871340235036184,-0.025617290765719582,0.0321390107864787,0.030938146464976238,0.02662899314296315,0.1417870895131221,-0.07377343583783653,0.9389275282185995,0.37012873153708153,0.7114312740371176,0.9194847328180626,0.4175853755167838,0.7475207917416963,0.04254470599750528,0.020658412045217307,0.034219574430734354,0.01628161019455419,0.043070581195083765,0.020519719190464508
feature_13,0.006613387045189971,0.02334292006500431,0.007809197205236574,0.005726133020173143,-0.006823374037727807,-0.002249784935357158,-0.0014511332637438972,0.005699896952022442,0.013810020681977566,-0.007433206016870342,-0.010201213543877537,-0.0009728311999648818,0.4676318044128111,1.0,0.7067250077821434,0.009787221132399365,0.019384699998096014,0.013415706166258251,0.06793781985834994,-0.03235030091766702,-0.020144606510743655,-0.03546781102441908,-0.036903748166287415,-0.01487979766969616,-0.015444736374716354,-0.0068476066904971395,-0.012265873379670866,-0.007446100101318438,-0.005653127922489576,0.0068030859064661196,0.009298382662484833,-0.03655773148558872,-0.009619575925119313,-0.027228606279379335,-0.0048690908869244934,-0.0028559435157447656,0.017699959303965764,0.09060486697133091,0.09503236352027508,0.06381203634877136,0.06518804508988335,0.11243855037609748,-0.16365939001461347,-0.10137339510581628,-0.1782702888291615,-0.0518787600591987,-0.10985535557270087,-0.12604587654948401,-0.058823714312764445,-0.11649825407006112,0.07472679168135761,0.14480698992891686,0.16906663910001324,-0.18546639407302343,-0.1715720019251394,-0.24011799146643506,-0.06159632419777822,-0.11733918563897203,-0.14032500281878404,-0.0730595076388043,-0.1347630071887297,-0.011197062968323427,0.0287320749353417,0.03151814732249331,0.030474815745213848,0.05963800215286203,-0.0348083144053154,0.4659040454341084,0.855160145256008,0.6805036255763273,0.43739303033192883,0.7717183231253355,0.6406187946434667,0.04418288307777787,0.03174510597302121,0.06477566920501346,0.05513618548249745,0.04471990221155944,0.034378649377590775
feature_14,0.014224115936710233,0.048416634649799534,0.011276007666424942,0.011961887458646434,0.007569869708661947,-0.010522468050935792,-0.0008137299123505613,0.006041646996176664,0.024434474477745768,-0.009395690935463974,-0.009855276596315328,-0.0008668528810475746,0.7753562841957728,0.7067250077821434,1.0,0.026366190257580954,0.026920233238601494,0.023762908339418805,0.09869976824166558,-0.062114778566059785,-0.021809929391265175,-0.04364854898790427,-0.050327975217883535,-0.01308952116434867,-0.02432406860607888,-0.006064550657954352,-0.014277272866554015,-0.015327445505979614,-0.012445004597765359,0.02240829762754324,0.025456733503112713,-0.04372798130692299,-0.021249954464822647,-0.0521483858461985,-0.010440752976857533,-0.008042612987974831,0.0168687810692213,0.14459113143627225,0.14824370500383213,0.15891016191161172,0.0702498096929942,0.17157651380592004,-0.2727693578908879,-0.08305180917959626,-0.20181238498796927,-0.054877801014546396,-0.17854246534047774,-0.19087238059155762,-0.017341210996477095,-0.11546808243863993,0.19380674039846713,0.13974945414206916,0.24338069704843074,-0.31014074905183175,-0.1407837183428628,-0.27073425026592135,-0.053636170994083125,-0.19473647827619003,-0.20254496741416972,-0.021181137509376065,-0.13261680964497183,-0.01967520373728822,0.039833145776914686,0.0393038976414747,0.0386969563087393,0.09044499312063531,-0.0652713176603477,0.7635658797766179,0.5910907242199703,0.9172572248510729,0.7264493669062759,0.5930689635339556,0.8926815748689524,0.06534827080820645,0.04752842365529751,0.057821610129926475,0.04331234490572458,0.06683915611192703,0.050243822015243446
feature_15,-0.1468278905523803,-0.003713330431481681,-0.14827464028889348,-0.14896775143005095,-0.0016099465595244846,0.013012210607517312,0.0018182551266528076,0.0016630298639209434,-0.03419154837141108,0.05947130996432977,0.1515237935113301,0.12956707644729118,0.026863076607929963,0.009787221132399365,0.026366190257580954,1.0,0.7389746444266028,0.8876677572662406,0.1019226028429456,0.09599005490713113,0.027040077329611837,-0.00854191490622139,-0.11794134907596933,0.37031374565178765,-0.30201739544734973,-0.15015117916334517,0.057550322298606384,-0.16141632399419253,-0.19053114206645644,0.761469604722824,0.8395657761080217,-0.0070137315727583065,-0.09809089953973751,0.017529638790564153,-0.11089861838086125,-0.10847221315734684,0.011084570947048693,-0.018257228795019575,-0.02121730907556476,0.10591772012885901,0.036721002083362014,0.08468034637992118,-0.06340245461003832,0.028297166823746233,-0.026980468901035847,0.05421354032426321,-0.038742902520839353,0.015664973160558995,0.0023955110995757902,0.00828447719938399,0.19251686325345152,0.3204042384498549,0.3288419763954082,-0.191327266003778,-0.20967844646879719,-0.31279884968985366,0.08189651305462399,-0.10112506642469209,-0.005677229673799154,0.0007443206013903879,0.0013480951183759444,0.0038996473627692157,0.2687970966189584,0.2664251753028383,0.2998687049784144,0.10476999606415692,0.09354699772972917,0.037557407656550884,0.013142899662329082,0.030270099269824872,0.01723833966376175,0.0028263952572036913,0.024236347949079317,-0.0496126908689633,-0.043601776063440026,-0.038723808715583334,-0.03548463352019885,-0.045328028963937166,-0.04293662422065774
feature_16,-0.1425500036748122,-0.0031687666509084994,-0.14410279306010698,-0.14343867960276235,-0.005485871802627837,0.011743898431995482,0.005086971842929694,0.007132204231963695,-0.033651412348383876,0.06378833177904922,0.139991472213581,0.1351093017494299,0.027635749835851774,0.019384699998096014,0.026920233238601494,0.7389746444266028,1.0,0.8588371310688915,0.1047079960807077,0.08958914495478493,0.03348849476629201,0.0030151803898351617,-0.09011977594269709,0.38012401986392075,-0.282252147698235,-0.14464659067747213,0.06393697177236686,-0.14632007901151114,-0.17559604058005657,0.7294077268445928,0.8021630203127929,0.0038742087856456246,-0.09236114035669703,0.0016537710634121395,-0.09620117994215058,-0.09675552110873435,0.002035570333063727,-0.014223942946859637,-0.014921570898308329,0.0948319568601821,0.036840726254815194,0.08185995255602242,-0.07197174081121666,0.014808124954284138,-0.04308792821790335,0.04070504187013021,-0.04186811699712205,0.001970308172112946,-0.0004639996886654092,-0.0014131846011704073,0.17926662388240563,0.36772464966248053,0.341328468452762,-0.1869546854542229,-0.3186631465965774,-0.33500535091402994,0.06732842529785395,-0.09057599723457319,0.003225574600922092,0.00020567473430135497,-0.0018535196804969536,0.0034162402664477862,0.24279127020272245,0.24158526873519287,0.2746925243540373,0.10323944330984465,0.09110998243413032,0.040252291833525515,0.01817855902025102,0.03282629815867213,0.014834096150068839,0.013063534709120935,0.024615392305099803,-0.07077195294322035,-0.0663523793716109,-0.01823791710881761,-0.015107141640691218,-0.04947029390697382,-0.04692772515012847
feature_17,-0.15778336078295072,-0.0012539154529778531,-0.159387612459456,-0.15912359756118954,-0.0013922992318220926,0.015942329300024045,0.004591583881739328,0.007467638857210318,-0.03447119861280468,0.06613320801033074,0.16449496989318024,0.1441344394197121,0.022847208170974118,0.013415706166258251,0.023762908339418805,0.8876677572662406,0.8588371310688915,1.0,0.11219423026532167,0.10554916804740452,0.03402751626647049,-0.0015765463548571713,-0.11700312261539174,0.4141913758646457,-0.32357887082271164,-0.16437232571331795,0.06638586881140397,-0.17081682119519997,-0.2009099088634985,0.8223694342328564,0.9063130206702973,-0.00012781228200283692,-0.1047058943423739,0.009756130306488156,-0.11259787967300991,-0.11130607452920671,0.005765809238503843,-0.01873632988745593,-0.019226797413872256,0.10972809406462586,0.04100201327435752,0.09154138396718756,-0.06524522024541557,0.029171942705292664,-0.03240942649021434,0.049574889281182255,-0.03826491713762914,0.013322144001097868,0.002767045475170942,0.008638389972568172,0.2016518964170355,0.35165723795130827,0.3614208868984184,-0.20269288768131155,-0.24344620467536776,-0.3476668683125552,0.07957506097926026,-0.09696818484951146,0.0050160122370265505,0.0018308905638861838,0.0010009417845415003,0.007156855369376211,0.28265381304601406,0.2852110043029525,0.3185219609113569,0.11312792911772925,0.10475786664602653,0.03551709312561095,0.01631147463699296,0.02935422886241343,0.009740678093770097,0.005138113598850408,0.0205609623801568,-0.06990492392523262,-0.06531013645442035,-0.03988940058049742,-0.036918355929861264,-0.052130775073788764,-0.04967642208981625
feature_18,0.004116804452453495,-0.13413879786064467,0.015568575592441963,0.012926883422226322,-0.029444576916121422,-0.10133650077674229,0.0008120766747440423,-0.0248283331423738,0.22530002813793237,0.003153884369204039,0.01403148022846201,0.023237072334885603,0.14921985595473714,0.06793781985834994,0.09869976824166558,0.1019226028429456,0.1047079960807077,0.11219423026532167,1.0,-0.17060350224238585,0.0385124163274487,0.0337380567817156,0.027107249424171465,0.10388148560323039,-0.042289356156914364,-0.01884030652818744,0.023607619217364952,-0.021969212458265504,-0.03093837414497634,0.12007588573371535,0.12071542650611186,0.034679856040623604,-0.010838034046297134,-0.12144266492020239,0.003802860310181542,0.0027593183646634606,-0.019887232969216788,0.5372348192222725,0.4608105564804194,-0.0008388821543905411,-0.002013485996160648,0.013299733757773095,-0.1137269147100801,-0.024308885604784145,-0.04737332565705225,-0.28660406111420933,-0.4232192803082827,-0.20608164862982845,-0.004510323041053085,-0.07260148164748276,0.04112689918195013,0.06412491861701998,0.07388733045324823,-0.12701329665973463,-0.05525659484291305,-0.07478890198193659,-0.3207097550560589,-0.44357261767066053,-0.21177973784041376,-0.004795743918419582,-0.07361159506713644,-0.018816018870970265,0.007357283518396348,0.026008466176077407,0.02248716214029771,0.7752627586534963,-0.14252542915265257,0.18596380814561098,0.06584702033975463,0.11636916460568196,0.08992122878201275,0.04583479232994654,0.06131384787078807,-0.04921172494389346,-0.09457464214224759,0.000599624773216242,-0.040347295733143836,-0.016144004559919878,-0.06625200296580923
feature_19,-0.03382954704159849,-0.0999326799848406,-0.02797751850175295,-0.02663120654762689,-0.023006426773264897,0.1430590868426046,0.0036679840612161324,0.04022782428573571,-0.22952943709191215,-0.002296425975061287,0.036711901952249715,0.014916975026175115,-0.07821993366998507,-0.03235030091766702,-0.062114778566059785,0.09599005490713113,0.08958914495478493,0.10554916804740452,-0.17060350224238585,1.0,0.03012694858324565,0.0038482288619559077,0.001888121849117391,0.06967432191799743,-0.038713124353932996,-0.018982266718559127,0.0070878674785792295,-0.005373575214891226,-0.00930004174412407,0.10520035156728536,0.10972391104012173,0.0068295369941390495,0.011863981699118124,0.13419106769385078,-0.01122882564718007,-0.012230728763223672,-0.00819538665260039,-0.5401301974196004,-0.45496150953482917,0.06495889537015548,0.0266802129001643,0.02554679679165302,0.0393325941764205,0.0363585050048592,0.03207584501594866,0.40805754908863145,0.3126869840246151,0.20902634186316152,0.001514467959412918,0.06063552674835384,0.06041949507194156,0.054042557163331464,0.04281539215913948,0.008759857119047386,-0.017694254964115603,-0.03310270732791666,0.4163473412119623,0.3705176001755459,0.201389093257606,0.002961343830124707,0.06404253704717024,0.02617425903592009,0.010992750815882557,0.029521401612340754,0.03023441420131865,-0.1574207244789527,0.7776121725027719,-0.11114228871687679,-0.03705538626613595,-0.07670426716891725,-0.030950230011087543,-0.012631101943558863,-0.033389006407343935,-0.08823763836833014,-0.03999989619052982,-0.041330606335182735,-0.0009830926947450346,-0.06385977322607163,-0.015039049791784219
feature_20,-0.0714300046487798,-0.012967819843319286,-0.0685518653233231,-0.06844177470794548,-0.0059319698885609866,0.009002848669089203,0.007141399295400479,-0.0007480048474704338,-0.05180144855526324,-0.14216918129633627,0.0344984753882291,-0.0014901292778465686,-0.025597148279323776,-0.020144606510743655,-0.021809929391265175,0.027040077329611837,0.03348849476629201,0.03402751626647049,0.0385124163274487,0.03012694858324565,1.0,0.11253552140974529,0.3568485232699663,0.30387531743398344,0.08360692756953705,0.24662170736845795,0.08770163637749691,0.22391426854587512,0.17223547816517162,0.1259719931816004,0.054762270508048876,0.11285860350566698,-0.07075687773115413,0.000984025900904682,-0.07426826999441732,-0.07522562427313413,-0.006525096332859308,-0.014361804935728018,-0.031551586777903914,-0.002961459402842409,0.002303608585744048,0.009672559952495524,-0.005095352546861066,-0.01107741174272263,-0.017607443453262036,-0.02982054239709799,0.01911584935415504,0.011603171984384757,-0.0036288528479752574,0.0030066207595276532,0.014934942272355934,0.07262225078442378,0.040824994757171926,-0.030583066379018035,-0.04792092960305913,-0.039201074682025196,-0.03484716869863643,0.013296584971826985,0.010686428482618531,0.0023202551535419845,0.005781244591996971,0.008804142469038847,0.007506772936123992,0.004890997259487797,0.00681395115951671,0.04533875644939461,0.029660529654964025,-0.016414169407161013,-0.011641776415307626,-0.01391088567424685,-0.03126972238794729,-0.019179514858199263,-0.022587027926537873,-0.12312241971551628,-0.12085691697866083,-0.0901304826506206,-0.08827720132366217,-0.11405747525390582,-0.11096977471160972
feature_21,-0.006408938416868287,0.012915087726752159,-0.006329202803808399,-0.007514671079245532,-0.0054600280366917135,-0.010096327635876264,-0.001608871802945182,-0.004549509771127173,0.014665821168833165,0.029038993155480884,-0.08144406211382545,0.18958318510420574,-0.051708664132873436,-0.03546781102441908,-0.04364854898790427,-0.00854191490622139,0.0030151803898351617,-0.0015765463548571713,0.0337380567817156,0.0038482288619559077,0.11253552140974529,1.0,0.43844823657357984,0.3796790414685534,0.40055116429274323,0.4087598323047256,0.08453472198735218,-0.21943786392797435,-0.2362772614768249,0.1514253589434912,0.01573204030104927,0.9600832763796346,0.030839723093477645,-0.010269242953428353,0.0307355322600712,0.032431476388785366,-0.007958161392871374,0.01265083633497603,0.017642106940785652,0.013630211041005655,0.050804908359186156,0.05003119140836548,-0.020966671416181366,-0.020584097540688018,-0.048300890389794134,-0.021993911201111348,0.004145298720380393,-0.006873036013442191,0.0004848941721901346,-0.003076530201579393,-0.015240157895493319,0.06965895998513214,0.013540359457754616,0.010301872315835544,-0.0656154600230093,-0.01875628055967413,-0.03822826324810388,0.01451748862816206,-0.007474644580988131,-0.0008900151674032264,-0.0020508614659300764,-0.007365639979151483,-0.08924480360239467,-0.04226492864983812,-0.05999026837833987,0.02663550890797713,0.0028977102484885405,-0.03856446875265639,-0.02740719878235706,-0.03389584675350456,-0.06134653463394757,-0.03574185620969083,-0.048087168117795086,-0.06389746172571541,-0.06707891443909886,-0.04170511430083559,-0.043669362002562155,-0.054785192007964736,-0.0584476955791429
feature_22,-0.01821206053056327,0.0013318247636464246,-0.018480469747891252,-0.020985483334333154,0.001722179283680437,-0.007591596740047052,-0.0008355086084568374,-0.0018018892092630347,-0.0008407457413228253,-0.10010285276131368,-0.10121081399092817,0.1078198345316032,-0.055679369268274305,-0.036903748166287415,-0.050327975217883535,-0.11794134907596933,-0.09011977594269709,-0.11700312261539174,0.027107249424171465,0.001888121849117391,0.3568485232699663,0.43844823657357984,1.0,0.6194947403224208,0.12865788515433674,0.20588479111125954,0.21787080123671387,0.5236940744587066,0.4085119932472175,-0.07133055152308461,-0.0963947742819343,0.4403329816203621,0.01343647099718623,-0.012364324616060534,0.013174803715359912,0.014601197178107187,-0.00906300549172415,0.00614069177249263,0.008988218391568539,-0.012932696957867086,0.024526872783177067,0.030433417829507193,-0.015741045354168353,-0.0463304216099468,-0.054808485946641804,-0.046246282960664895,0.02238485952732769,-0.002474434620579483,-0.002911996482427169,-0.0012248022057570552,-0.04791319548756189,0.03894523236254001,-0.028540182920459425,0.03791682781004326,-0.06047843740254714,0.01544285019479133,-0.07857755647450058,0.05112101218414425,0.00019039784152323779,-0.0010194152638509392,0.0038668456144313745,-0.004867239291896372,-0.13697731007264885,-0.12043359869794736,-0.13153638354898953,0.006238541410191796,-0.003237761231286806,-0.040820353801580306,-0.025889310277948944,-0.038709812452023304,-0.06572000025002869,-0.03848965134924824,-0.054912236400011735,-0.14474019892052944,-0.14558672940520095,-0.09783326346647492,-0.09814994671305313,-0.12547016485552046,-0.1283964945056951
feature_23,-0.010028405889887685,-0.0006699497338601601,-0.01090939004705391,-0.012183836062064952,0.0007810365709328107,-0.00850562561217641,0.00011582140909018762,-5.9867124372541476e-05,-0.004678307030278784,-0.03896110772197788,0.09563338412997029,0.2059385502432071,-0.011265526226094795,-0.01487979766969616,-0.01308952116434867,0.37031374565178765,0.38012401986392075,0.4141913758646457,0.10388148560323039,0.06967432191799743,0.30387531743398344,0.3796790414685534,0.6194947403224208,1.0,0.031520779432841275,0.06545147982185173,0.24537026602457762,0.2077462953118115,0.07972777716827133,0.5216035962692818,0.46522363525412336,0.3814305914226248,0.032602844480485976,-0.009771835171234537,0.032875116226550274,0.033988562076723135,-0.001638300265178388,0.007384669293987549,0.010458263940355024,0.05518100809958892,0.051346437845565994,0.08945580683746066,-0.05080748887372479,-0.019918659162883354,-0.0717217247216159,-0.02476942049633766,0.0038025691135473547,-0.00241347254218979,-0.004290372386928512,-0.0012459647042343534,0.05730443805925676,0.2682501766084817,0.18297233626954215,-0.0708326290631907,-0.21212975694001765,-0.19301847757373677,-0.048468384994705675,0.009497126087239235,-0.0032073629941894075,-0.009333810078402331,-0.001039803573897394,0.006864453232727652,0.0054038185982603956,0.03003575320989241,0.03885419436960974,0.08606443096385744,0.06563297583677809,0.010092423452974297,-0.003624518921251915,0.001852815153960852,-0.03112813780281458,-0.02302326568722412,-0.023744609123488126,-0.2583075263367294,-0.25809231170563884,-0.18724816151688395,-0.1867291719546455,-0.23267509903832145,-0.23677165179815812
feature_24,0.18966865183159984,0.024443052994737938,0.1867543754668607,0.18707176639953813,-0.0012053787776283627,-0.0066095558947439,-0.002114845226360665,-0.003834213347930496,0.021071664801658566,-0.04839148536734109,-0.03081446597605116,0.018089540391414707,-0.02427253824349704,-0.015444736374716354,-0.02432406860607888,-0.30201739544734973,-0.282252147698235,-0.32357887082271164,-0.042289356156914364,-0.038713124353932996,0.08360692756953705,0.40055116429274323,0.12865788515433674,0.031520779432841275,1.0,0.6315367095334762,-0.04532448399245879,-0.2037854250395996,-0.207205502915076,-0.09151944840469703,-0.32862368791593904,0.4052683421911835,0.13992859877289685,-0.007202002779738883,0.14270835816848287,0.14433152607484723,-0.007414507396496231,0.0006724529360564059,0.0029298038495003727,-0.04236496056681643,0.008681250996493018,-0.008610115805189592,0.02629097105075574,-0.032586895297718126,-0.016537038421861137,-0.04766319534173848,0.046319850108389085,0.001605929146361262,0.00011093341944316681,-0.0036180939248692265,-0.13458810583928715,-0.1327480430822138,-0.1655100264534284,0.13691451054089104,0.07008431611441145,0.1437231062917456,-0.08787289638546422,0.10441411161051758,-0.004248971224756724,-0.002969577470387541,-0.005122318142306437,-0.020457987182637,-0.21178902880980394,-0.19211304242061425,-0.20833709829032349,-0.05675995451003802,-0.04719816870951457,-0.02797671875168979,-0.015500808936571997,-0.023892252179700625,-0.01678001834796033,-0.012435747118906326,-0.02021780212751954,0.008514600164179723,0.003443729101263856,0.0077350829014439775,0.0028655340396744424,0.005365598302162429,0.0021168975788420767
feature_25,0.10969718367215603,0.012786281747209381,0.10893874269213938,0.10810843254282697,-0.007587409247825774,-0.0014287757717397654,0.003882609872753492,-0.0021202761590697976,-0.010013446719826593,-0.09415540515119282,-0.06794488765974512,0.04083243262373464,0.00018364217224430403,-0.0068476066904971395,-0.006064550657954352,-0.15015117916334517,-0.14464659067747213,-0.16437232571331795,-0.01884030652818744,-0.018982266718559127,0.24662170736845795,0.4087598323047256,0.20588479111125954,0.06545147982185173,0.6315367095334762,1.0,-0.03600088341431015,-0.26018513551691275,-0.23070409075925397,0.01757224450669489,-0.1631230512022112,0.4123817309662779,0.047991022755584686,-0.0015625158637564765,0.04832542309667988,0.04801117769409341,-0.006600287538839015,-0.004954523259800549,-0.006659644336830775,-0.04574453908303561,0.003717489436225169,-0.016192406285217825,0.04001330552482597,-0.014312342306727498,0.005899895570669997,-0.04702048305213239,0.04773683978534403,0.006479837403839481,0.004245729282390301,0.002960662171938892,-0.08297252468594657,-0.06146478731284555,-0.09856882480055268,0.09004029411161651,0.04047112862784307,0.09509589130310808,-0.06179769363499592,0.06736566136089983,0.002232481560497889,0.005434829555263514,0.0033103044743374942,0.007590833451643597,-0.09005785230122083,-0.08659618885855588,-0.09419111411929573,-0.020283702592128926,-0.015388062596320484,0.0010942516047100432,-0.0034496553289045584,-0.0035485646109803767,-9.614582408963001e-05,-0.005907544391455582,-0.00525950536171803,0.0030140789557109296,-0.0007339317601448327,0.00593216511699844,0.003932056849801735,0.005323879287605642,0.002929289673241147
feature_26,0.0029028941871859287,-0.0011743011368022754,0.001965076122634171,0.0019278456315901737,0.005084190346677427,-0.005963908977148798,-0.00016233934796991,0.002547883625878859,0.007466082038426735,0.13495990105904318,-0.021349633895295303,0.1697538215848058,-0.01485087280984024,-0.012265873379670866,-0.014277272866554015,0.057550322298606384,0.06393697177236686,0.06638586881140397,0.023607619217364952,0.0070878674785792295,0.08770163637749691,0.08453472198735218,0.21787080123671387,0.24537026602457762,-0.04532448399245879,-0.03600088341431015,1.0,0.2567135418293721,-0.16827660559106966,0.10054320267456575,0.07717006997886283,0.0849657305995146,0.009529057503561362,-0.00634523824712739,0.006318299159744079,0.008285444688834446,0.0032697128769402606,-0.004985036049593323,-0.0005381676682081195,0.01771240126707937,0.015055351843659963,0.026580593827783293,-0.013753761091788774,-0.01015934760653609,-0.02379850519769262,-0.017100003372786856,0.0026638293463479724,-0.0015042009275145788,-0.005039893683709482,0.0010161112871073768,0.011283021857434263,0.05437368167871911,0.03750956342067507,-0.015214725904542536,-0.061120717256060345,-0.035113944307194056,-0.02811849662319602,-0.00017784640369918886,-0.0013703333751201464,-0.005263294611578907,0.002545734818562472,0.0030420441105004606,0.021781624072751506,0.022748821662233836,0.029110008148399723,0.02670233014859624,0.011711877189968313,-0.008833165707264747,-0.008491808181018605,-0.008017383296534569,-0.024245103136730124,-0.012368089830315641,-0.016723564753946922,-0.06615869752996265,-0.0635598381786508,-0.05098210580130098,-0.0499945847606273,-0.062251921602264566,-0.06382885754293759
feature_27,-0.14172292550579946,-0.016742210795659965,-0.14079294113995744,-0.14109208966884176,0.0053292828812496335,0.0022987800805415078,0.007030665298547077,0.004751452653350084,-0.0066471090508426305,0.013860205743140739,-0.13465257859116667,0.009688988421485604,-0.019309258047460486,-0.007446100101318438,-0.015327445505979614,-0.16141632399419253,-0.14632007901151114,-0.17081682119519997,-0.021969212458265504,-0.005373575214891226,0.22391426854587512,-0.21943786392797435,0.5236940744587066,0.2077462953118115,-0.2037854250395996,-0.26018513551691275,0.2567135418293721,1.0,0.8258241588730074,-0.2380224069950756,-0.17413420317876152,-0.22062470642802567,-0.10226265026596057,-0.006502834160308264,-0.10490033510153092,-0.10278409232291208,-0.007512308587624823,-0.01348691198204407,-0.013008545888743584,-0.02888262351194331,-0.009014562677311577,-0.012888685433282346,0.01150006154221307,-0.033706519096871765,-0.011667254480783108,-0.032602079847870225,0.023020658597049957,-0.0014897577235502462,-0.0018122520172914936,0.0013182073307771694,-0.038449866663811005,-0.048693734986144856,-0.056673168433157665,0.03590913117082476,-0.0003051410304767328,0.047230781030931236,-0.03763672807326283,0.03557485580323661,0.005154310597983875,-0.0016314632912036958,0.005774991892564988,0.0009181016151050198,-0.17946601622417827,-0.13344474201904208,-0.1736719601035554,-0.021890169897671178,-0.00492510587534622,-0.01789585872029796,-0.0039931350092254824,-0.015165068245731255,-0.019318072123221754,-0.006077023025969518,-0.015428564280316498,-0.03459472672774122,-0.031270127523172375,-0.021677284771599078,-0.021217731880090508,-0.02779367099129108,-0.026420865658862404
feature_28,-0.16045100946444998,-0.012456296463761838,-0.15924878823126412,-0.16014852603242202,0.006520144967281428,0.011645196691482656,0.004975481818436808,0.005512615639779324,-0.0176299014399498,-0.01699036809933694,-0.06733660766587393,-0.011453705263604291,-0.01533242479278103,-0.005653127922489576,-0.012445004597765359,-0.19053114206645644,-0.17559604058005657,-0.2009099088634985,-0.03093837414497634,-0.00930004174412407,0.17223547816517162,-0.2362772614768249,0.4085119932472175,0.07972777716827133,-0.207205502915076,-0.23070409075925397,-0.16827660559106966,0.8258241588730074,1.0,-0.29741520724820547,-0.2081848671761845,-0.23779194756825123,-0.12406230558032769,0.007755307095375871,-0.12626667020176321,-0.1259449994743189,-0.010013754916063444,-0.014033075758002767,-0.02038241279409323,-0.04612100856214535,-0.016459433715664308,-0.031893973749739395,0.021239689696579328,-0.02140239201101603,0.0025710429621432127,-0.0338114382233978,0.030335125764259386,0.0034377323553933564,-0.006219154888328021,-0.0018620697123004416,-0.045595526079991,-0.07052228113323139,-0.07760140708217919,0.040760968575809894,0.03978309102319157,0.0669331857529695,-0.030423773916548102,0.03938771977156877,0.0072547271634379185,0.0007045316439581988,0.0043223711193017865,0.0028490009143098656,-0.06914967569317336,-0.068933335151554,-0.07801653736726787,-0.03147754072049696,-0.008198652402521338,-0.016907337330192243,-0.004102549572447224,-0.014505769777953113,-0.009484283944350337,-0.004824974823796766,-0.01064371505359324,-0.0038911405445576325,-0.0001781019403069077,0.002056646830212676,0.0033894436537020805,-8.093920234753716e-05,0.0029944320610083217
feature_29,-0.1403032637503173,-0.0007734002831306297,-0.141934228471904,-0.14143972643565134,-0.005723211283916837,-0.0001342807879053725,0.002745721221353469,0.0018379454507005835,-0.01834368083261281,0.06268233110798928,0.18508987426164566,0.18335049772109688,0.025906153223120572,0.0068030859064661196,0.02240829762754324,0.761469604722824,0.7294077268445928,0.8223694342328564,0.12007588573371535,0.10520035156728536,0.1259719931816004,0.1514253589434912,-0.07133055152308461,0.5216035962692818,-0.09151944840469703,0.01757224450669489,0.10054320267456575,-0.2380224069950756,-0.29741520724820547,1.0,0.8735462236940694,0.15449844853490277,-0.08545626993780701,-0.0010543463519153311,-0.08725804377111827,-0.08793956086545134,0.0015245153805995303,-0.012744429329777074,-0.010326832978130607,0.09761267655740047,0.049569043841166664,0.09484125001789334,-0.058226884474641076,0.03278014388918393,-0.03288454151995743,0.024983372306994843,-0.021056653255184715,0.0015607682155896788,-0.00013804515504471122,0.002466893574487878,0.16065992575924543,0.3582174941143975,0.32206119969523933,-0.16640089568854824,-0.2377791249021148,-0.31398344986374377,0.03971820131521486,-0.06108469132761516,0.002669852170035682,-0.005406022449654463,0.0005368360805637581,0.004218900969615706,0.22414012514821766,0.23459418758010664,0.2637457404488328,0.1167361697140443,0.10398373818235031,0.0430452398239178,0.012967220304302616,0.0340020270179849,0.00550375724649223,-0.002965617983989513,0.013552439863316943,-0.17004676840301133,-0.16819462185288844,-0.1300516116872957,-0.12685796086996765,-0.1588025782506873,-0.15915827502817148
feature_30,-0.16561470836415823,-0.00378505578367516,-0.16639797296222514,-0.16743771300162993,-2.9314414172521038e-05,0.0037017790217912794,0.003624362698450779,0.0036309458425027217,-0.02240833175706898,0.06529568639830832,0.17683818088235823,0.1574100649825666,0.031121896578554492,0.009298382662484833,0.025456733503112713,0.8395657761080217,0.8021630203127929,0.9063130206702973,0.12071542650611186,0.10972391104012173,0.054762270508048876,0.01573204030104927,-0.0963947742819343,0.46522363525412336,-0.32862368791593904,-0.1631230512022112,0.07717006997886283,-0.17413420317876152,-0.2081848671761845,0.8735462236940694,1.0,0.01691149171692109,-0.1083546269624396,0.004668714487350072,-0.11221551627761697,-0.11273431074146635,0.00230529125082973,-0.016142107641738818,-0.012631939900303533,0.10545267507864967,0.042468504188923645,0.0906968420802381,-0.06192238531919089,0.03658309844238849,-0.02779663968052524,0.043456910136357725,-0.03075092840078891,0.007843269072608454,-0.0009031134267280372,0.004756092265297761,0.19533508284963333,0.3641624572998016,0.3537830654939602,-0.1981123181756072,-0.23183407151617108,-0.34150375442080366,0.07061524196747562,-0.08864239999283302,0.007927594007395716,-0.0036968575040970653,0.004264277940762677,0.008273775287574224,0.2842269243126774,0.2893276710132479,0.32161794281013645,0.12144458245976797,0.11006245750552834,0.047687730625376845,0.016395277382919564,0.035883161175007595,0.012421595546262326,-0.0022751343845845433,0.016141865387847405,-0.15281526751332017,-0.1496073906159009,-0.1171036706441664,-0.11316759850121981,-0.14221203426096918,-0.1413095154179599
feature_31,-0.0077881374673328015,0.012329399331791639,-0.007846132832935069,-0.00848055898630948,-0.006381885328734303,-0.009074494297408534,0.0009213922968356297,-0.0027232446082195534,0.014333962394708853,0.027303933272645225,-0.07972552916687432,0.1886711892854549,-0.05109265237309208,-0.03655773148558872,-0.04372798130692299,-0.0070137315727583065,0.0038742087856456246,-0.00012781228200283692,0.034679856040623604,0.0068295369941390495,0.11285860350566698,0.9600832763796346,0.4403329816203621,0.3814305914226248,0.4052683421911835,0.4123817309662779,0.0849657305995146,-0.22062470642802567,-0.23779194756825123,0.15449844853490277,0.01691149171692109,1.0,0.029760828060738844,-0.011022950771377613,0.03004500694024189,0.03170427143729574,-0.006220483701735179,0.012135594542149783,0.017640252028233928,0.01511928842273909,0.05100608472595454,0.05133993847289938,-0.02128759189825844,-0.021526347201254667,-0.046003923208458024,-0.02000315390319954,0.0041814919912252805,-0.005786549157626229,0.002768709491843549,-0.0011383696458375698,-0.013446417327973933,0.0692081004837028,0.014842684470413675,0.009021174152012356,-0.06687926637557591,-0.017872075537755976,-0.03768998404264815,0.014374504911608013,-0.0062322235929277965,0.0014216421669735952,0.00017532739795049485,-0.007661302896526332,-0.08866996013176834,-0.04269849784158421,-0.05965305019221636,0.02714263076946753,0.005198456371418174,-0.037855500918387894,-0.02915447792897842,-0.0343156355682885,-0.05986114852529703,-0.03631355391342243,-0.047905843082510315,-0.06526338232727329,-0.06859887529873769,-0.043150954162123514,-0.044897767025367345,-0.056610873498644146,-0.060126713016136944
feature_32,0.517225042825283,0.00521155937502076,0.5176701733439739,0.5174184188571581,0.0026921721390483055,0.0018824447514623316,-0.000442214178851446,0.002903034395505593,0.05658047240452361,-0.010899297517339073,0.048031582290484834,-0.008933521731981461,-0.02423343385718811,-0.009619575925119313,-0.021249954464822647,-0.09809089953973751,-0.09236114035669703,-0.1047058943423739,-0.010838034046297134,0.011863981699118124,-0.07075687773115413,0.030839723093477645,0.01343647099718623,0.032602844480485976,0.13992859877289685,0.047991022755584686,0.009529057503561362,-0.10226265026596057,-0.12406230558032769,-0.08545626993780701,-0.1083546269624396,0.029760828060738844,1.0,0.12485794412277418,0.9194452627733167,0.9235917262582989,0.03292402574627408,-0.013964700137441591,-0.0039733557004901845,0.009863572707813828,0.014250375467040248,0.014926747844542817,0.005952142894225991,-0.003321862606230883,-0.0032250418064316768,0.021746491246017064,0.024822275987411452,0.09163502268368037,-0.0005005517901169122,0.01442336328076615,-0.026216757020499803,-0.03057563283566034,-0.03556235945664369,0.03288462481880837,0.006212987217709898,0.03128439458336837,-0.00044672068917216596,0.0396064954905036,0.01047740779018395,-0.004580726379103606,0.0031659075889942405,-0.5490190567916166,-0.08778884651580883,-0.08063060021148497,-0.08675560526304701,-0.02304093496249531,0.013386248228882836,-0.02637014519635404,-0.007526089772268889,-0.020549818714648182,-0.02456084122525031,-0.00618061319446434,-0.020924610417257822,0.003938470554644301,0.00032327278213650096,0.008476499784519503,0.007736805012260343,0.008724687813339727,0.007078020342772063
feature_33,-0.018300825459681754,0.007009249452476959,-0.014001918543144557,-0.014495141194969197,0.008681069564099097,0.17494048322425637,0.0004463060322398493,0.04258581404851459,-0.1557611204717226,-0.003466465872375893,0.009321083523378489,-0.006572065273479448,-0.07412402521561516,-0.027228606279379335,-0.0521483858461985,0.017529638790564153,0.0016537710634121395,0.009756130306488156,-0.12144266492020239,0.13419106769385078,0.000984025900904682,-0.010269242953428353,-0.012364324616060534,-0.009771835171234537,-0.007202002779738883,-0.0015625158637564765,-0.00634523824712739,-0.006502834160308264,0.007755307095375871,-0.0010543463519153311,0.004668714487350072,-0.011022950771377613,0.12485794412277418,1.0,-0.03665956075466966,-0.026652450439544874,0.18015155903544164,-0.19261906393201714,-0.2295940300582466,0.05839903548532754,0.028607640594716054,0.019404128125623085,0.06625663076134806,0.0349437494987224,0.029179708667304693,0.18048902683630716,0.16063840615352679,0.3965342519649553,-0.023118994409423742,0.07303986373929819,0.010100159760353352,-0.013744545856351124,-0.01899379608575238,0.01903664371447451,-0.005983246255783511,-0.015804399170004348,0.14016587477217393,0.12387791946542072,0.1050673543337141,0.004959692273032561,0.03452831638051566,-0.005480339978517846,0.011093789566923386,0.007787017953216794,0.01175600229347232,-0.12423397330513408,0.134225700998989,-0.09643896980081908,-0.028729419377695357,-0.06505294554239172,-0.04201143082322452,-0.016682062149210496,-0.03035647637807643,-0.009409892172826348,0.0166283147321146,-0.009015235629369265,0.012759674656074938,-0.013239720826917902,0.016306595431787172
feature_34,0.5342614493770941,0.018146626057902362,0.5325602824445823,0.5323561014405381,0.0018492410175463972,-0.02824769928851683,-0.0024822230430189404,-0.004240816305249059,0.08078496779544876,-0.008756310110458458,0.04884757416218137,-0.006732342261898372,-0.012316789376018388,-0.0048690908869244934,-0.010440752976857533,-0.11089861838086125,-0.09620117994215058,-0.11259787967300991,0.003802860310181542,-0.01122882564718007,-0.07426826999441732,0.0307355322600712,0.013174803715359912,0.032875116226550274,0.14270835816848287,0.04832542309667988,0.006318299159744079,-0.10490033510153092,-0.12626667020176321,-0.08725804377111827,-0.11221551627761697,0.03004500694024189,0.9194452627733167,-0.03665956075466966,1.0,0.9452058577207152,-0.03534482540278506,0.016081500891476662,0.03758030012504562,-0.0036950403148650487,0.003751698880911798,0.0049675151031814664,-0.00807524904404102,-0.014340340962513002,-0.015012040710506023,-0.010265987293882584,0.0022955484555551445,-0.013134375657486172,-0.001473035356147244,-0.010900076975538004,-0.02759448242583046,-0.03053892135762389,-0.03398368767531227,0.031024904326023228,0.012992385989966089,0.03629697705594263,-0.0243204671864274,0.025158518972935282,-0.004975230092999027,-0.004446122895041789,0.001650257430703148,-0.5654423483998859,-0.09314006763000592,-0.08550869204458507,-0.0921581338331712,-0.009408743167340373,-0.009843575018462922,-0.0112417035162974,-0.004149332239035204,-0.008165574369839352,-0.018638756548870702,-0.0022171327520006264,-0.012909856903666125,0.00534685962383276,-0.0036512277760110882,0.009406650178119426,0.005458032913546103,0.010719198857374124,0.00439855447061596
feature_35,0.5338751135590092,0.02128178210896509,0.532201316127228,0.5319857675874441,0.005098435728287061,-0.027596974334476315,-0.00103218381212626,-0.0016068524546345021,0.08314709085374829,-0.009219137544180963,0.04715436936389198,-0.006865909227193306,-0.009113185579570984,-0.0028559435157447656,-0.008042612987974831,-0.10847221315734684,-0.09675552110873435,-0.11130607452920671,0.0027593183646634606,-0.012230728763223672,-0.07522562427313413,0.032431476388785366,0.014601197178107187,0.033988562076723135,0.14433152607484723,0.04801117769409341,0.008285444688834446,-0.10278409232291208,-0.1259449994743189,-0.08793956086545134,-0.11273431074146635,0.03170427143729574,0.9235917262582989,-0.026652450439544874,0.9452058577207152,1.0,0.006976350381788833,0.01842824476344783,0.04002093097016264,0.0014405748472406056,0.008152364975463209,0.0111090037841038,-0.004853494581063723,-0.011080240654403785,-0.013136102128839724,-0.008293972525420306,0.004971498987230286,-0.004785966831400244,0.0009021368679373992,0.00015751950209099005,-0.028089929820367242,-0.03096404289758632,-0.034171003245584204,0.029255534382196895,0.009753632829500479,0.03422534163970618,-0.025590703906626655,0.024174574799591817,-0.008272214430481815,-0.005941011537668002,-0.003179962884040083,-0.566052333106438,-0.09334522149065344,-0.08397029373040152,-0.09177129409460717,-0.009542049929129104,-0.008938246505647469,-0.007912946065430727,-0.001027687422454112,-0.005313799859792973,-0.015660919227551022,-0.002471375972641172,-0.011589996752955422,0.006067031657394196,-0.002384777162521784,0.011603446840575017,0.007516790592821837,0.010916283245587877,0.004750131184424512
feature_36,0.013171690364039078,0.06732497871996408,0.006957262866907814,0.010716442494776476,0.09236680869967585,0.041997475117503395,0.030735424974673894,0.06254820816799946,-0.012499495674862256,-0.0015011701078823537,-0.0013388323962146788,0.0008390872148514248,0.0038411781788256637,0.017699959303965764,0.0168687810692213,0.011084570947048693,0.002035570333063727,0.005765809238503843,-0.019887232969216788,-0.00819538665260039,-0.006525096332859308,-0.007958161392871374,-0.00906300549172415,-0.001638300265178388,-0.007414507396496231,-0.006600287538839015,0.0032697128769402606,-0.007512308587624823,-0.010013754916063444,0.0015245153805995303,0.00230529125082973,-0.006220483701735179,0.03292402574627408,0.18015155903544164,-0.03534482540278506,0.006976350381788833,1.0,0.004066709684381624,0.006221029656624514,0.08484949964295414,0.06993014508346387,0.10025716716916153,0.07838646612837613,0.06469294898867164,0.08563394977955734,0.041683537440715734,0.06275303416520257,0.11387247223717287,0.03557984519242479,0.1670370050924453,-0.032578740022729015,-0.046694985722981044,-0.047252157474282346,-0.04699349426879197,-0.05382098274720406,-0.06588407741296227,-0.022413167621583154,-0.0006930595432061428,-0.04126463368800108,-0.02987213976423141,-0.06904647377757933,-0.0010311936250896585,0.009941105575824076,0.009760999120207562,0.008805690101590978,-0.024316665853770545,-0.005404601533443788,0.00776617627637202,0.02016995918060997,0.02166173672483344,0.002302117793394963,0.004738546173864129,0.00412373460683598,-0.0031098133450288582,-0.003163354607050823,0.004533445202946481,0.004572301440996246,-0.0011489180527390025,-0.0025039846193391645
feature_37,0.03992739210578281,-0.024451001237097567,0.04234701720238454,0.040793039037971365,-0.008382734461917596,-0.26736485613878214,-0.028390677312490734,-0.12003194240838619,0.37513264810183095,0.00026156651435255905,-0.018644148143449234,0.0033545673111247875,0.19906282607983153,0.09060486697133091,0.14459113143627225,-0.018257228795019575,-0.014223942946859637,-0.01873632988745593,0.5372348192222725,-0.5401301974196004,-0.014361804935728018,0.01265083633497603,0.00614069177249263,0.007384669293987549,0.0006724529360564059,-0.004954523259800549,-0.004985036049593323,-0.01348691198204407,-0.014033075758002767,-0.012744429329777074,-0.016142107641738818,0.012135594542149783,-0.013964700137441591,-0.19261906393201714,0.016081500891476662,0.01842824476344783,0.004066709684381624,1.0,0.8093187761703554,-0.12866831067152906,-0.03760640609350401,-0.043478523673075364,-0.18850089636091724,-0.06501954846558898,-0.09668355061602633,-0.5357135415486408,-0.5694280217550515,-0.461048780125724,-0.04270659233404781,-0.2087129374814297,-0.10710210818754562,-0.014985531227956542,-0.02304519996448294,-0.17504208773227437,-0.035662346502849565,-0.06204327696182954,-0.550900409393787,-0.5976109443232116,-0.48330133938773595,-0.05851020937280934,-0.22199388685181745,-0.045936136419440436,-0.009153406935492618,-0.0199230994253369,-0.02195321742978412,0.5077075945957822,-0.5035621278833151,0.26392066523094465,0.10662328452162485,0.1869790144187364,0.09690345482242424,0.03783092519802516,0.07068769632155943,0.03812000819795065,-0.0401764750409279,0.03623540101051287,-0.03429078805785521,0.042676081411211875,-0.042963741168241684
feature_38,0.07239547831306334,0.04862827953109908,0.06631085908017396,0.06614771957367653,0.010424272289917394,-0.2675048856251613,-0.017276980488805712,-0.09778804120410771,0.5553692154453059,0.001259698723090082,-0.014685455749668492,0.0051179605441668725,0.20949082235821337,0.09503236352027508,0.14824370500383213,-0.02121730907556476,-0.014921570898308329,-0.019226797413872256,0.4608105564804194,-0.45496150953482917,-0.031551586777903914,0.017642106940785652,0.008988218391568539,0.010458263940355024,0.0029298038495003727,-0.006659644336830775,-0.0005381676682081195,-0.013008545888743584,-0.02038241279409323,-0.010326832978130607,-0.012631939900303533,0.017640252028233928,-0.0039733557004901845,-0.2295940300582466,0.03758030012504562,0.04002093097016264,0.006221029656624514,0.8093187761703554,1.0,-0.11947770624332657,-0.03152044904551664,-0.0408656125594741,-0.16583947407738206,-0.0621772115808137,-0.09100945098786178,-0.48071132983834985,-0.4843408092429531,-0.4383161687216037,-0.033515872357156244,-0.18029689698893897,-0.0998204285655138,-0.013898712301938513,-0.0278705833812485,-0.14956667180147687,-0.0374969550722802,-0.051732048978989836,-0.4949643093040394,-0.5086178574875112,-0.42753063313195466,-0.05204315012201455,-0.19482885592976926,-0.0293182295569823,-0.028092165045251274,-0.02617112298310015,-0.03166770573364181,0.4333944125696532,-0.4184491629463962,0.27225679046751644,0.10602761943590529,0.18637300582098204,0.11423126116738487,0.0464095337740961,0.07920248733220998,0.013158599099006773,-0.08370045798652068,0.02044814229501173,-0.062183912243039034,0.02091857335975318,-0.07668984200112061
feature_39,-0.0024349230597395734,0.040585996469754665,-0.007075902045951637,-0.006491657423922964,0.032551264612620284,0.29367635965870564,0.11240499882322043,0.30021810848884695,-0.12072950829952572,0.011140933049294074,0.023203325475785276,0.018687788910168163,0.19344187295191603,0.06381203634877136,0.15891016191161172,0.10591772012885901,0.0948319568601821,0.10972809406462586,-0.0008388821543905411,0.06495889537015548,-0.002961459402842409,0.013630211041005655,-0.012932696957867086,0.05518100809958892,-0.04236496056681643,-0.04574453908303561,0.01771240126707937,-0.02888262351194331,-0.04612100856214535,0.09761267655740047,0.10545267507864967,0.01511928842273909,0.009863572707813828,0.05839903548532754,-0.0036950403148650487,0.0014405748472406056,0.08484949964295414,-0.12866831067152906,-0.11947770624332657,1.0,0.3109419615742299,0.5174072125840642,0.237151118806101,0.21619405023903698,0.20590956656660425,0.3720072901902748,0.12547883419879832,0.3872872353703862,0.22208186693627455,0.467631117548721,0.7045551712001542,0.13861498549022835,0.35831980704037536,0.15123155653815,-0.07897888683172279,-0.004729434551611188,0.3228183431103499,0.10883933962358966,0.41910790096787853,0.21273436619055905,0.4539643420907197,-0.013716140395845025,0.048288977794834514,0.07340943819062537,0.07613781863647258,0.01237542201451183,0.054317130015317114,0.13914389300255497,-0.017101747840462322,0.05918782809766923,0.24672891885000175,0.14697779895665966,0.2608533414152468,0.059379997658710694,0.07232227234289516,0.06018179067486277,0.06617930830906157,0.06589419472093645,0.07794089042156425
feature_40,-0.0015507615605270828,-0.021052876768955033,0.0027233350353544346,0.002121453984492132,-0.011164858461984695,0.012475486230418657,0.1080780854272754,0.04916315715063269,-0.004374434505725195,0.00335739013233388,0.022289907968998962,0.010300099781952921,0.05204973527299748,0.06518804508988335,0.0702498096929942,0.036721002083362014,0.036840726254815194,0.04100201327435752,-0.002013485996160648,0.0266802129001643,0.002303608585744048,0.050804908359186156,0.024526872783177067,0.051346437845565994,0.008681250996493018,0.003717489436225169,0.015055351843659963,-0.009014562677311577,-0.016459433715664308,0.049569043841166664,0.042468504188923645,0.05100608472595454,0.014250375467040248,0.028607640594716054,0.003751698880911798,0.008152364975463209,0.06993014508346387,-0.03760640609350401,-0.03152044904551664,0.3109419615742299,1.0,0.5965507213293599,0.20400784174590827,0.6846720980204326,0.4498826921902782,0.14025773205446693,0.09564878240597677,0.11234697105139883,0.27886102154655223,0.18970675580584082,0.13498153489464568,0.16015956951748694,0.18790333592567232,0.040904439663165953,0.014983819960171644,0.05230473556298248,0.07932061629802267,0.0413928305808665,0.09102672866875763,0.2386726744461002,0.146247899953565,-0.01901405955436519,0.017263034865092144,0.024787603317476415,0.01599882329475688,0.012784754401390505,0.01083502609495145,0.04724122667528343,0.006444596052323516,0.0485716635895985,0.05596861274993257,0.11690304253019494,0.08491404631857351,0.011690090340244532,0.015172019481266999,0.020949783518470495,0.019453796843446405,0.016189086584484168,0.017421114047558594
feature_41,0.0076415080853791464,0.0058018078173240496,0.007756140312958796,0.009298092033728158,0.0022142876113670183,0.11533257938670231,0.16961419802857786,0.22150737544820812,-0.039666802861318066,0.007448189878878434,0.02021471449594774,0.020596045518715658,0.13028337085614275,0.11243855037609748,0.17157651380592004,0.08468034637992118,0.08185995255602242,0.09154138396718756,0.013299733757773095,0.02554679679165302,0.009672559952495524,0.05003119140836548,0.030433417829507193,0.08945580683746066,-0.008610115805189592,-0.016192406285217825,0.026580593827783293,-0.012888685433282346,-0.031893973749739395,0.09484125001789334,0.0906968420802381,0.05133993847289938,0.014926747844542817,0.019404128125623085,0.0049675151031814664,0.0111090037841038,0.10025716716916153,-0.043478523673075364,-0.0408656125594741,0.5174072125840642,0.5965507213293599,1.0,0.1846210202015007,0.45033875396186174,0.37898520936498703,0.22008163846290052,0.08508934747385079,0.1952945835377333,0.32971999481961606,0.3837692698529908,0.3447407296402283,0.18582761303203701,0.4617780894946323,0.06429160085985074,-0.045756168856928556,0.06558100011518576,0.15571260694055022,0.05029656213883388,0.19468335925203992,0.31684429839629913,0.354087648701544,-0.02193090662248736,0.031514571388153646,0.08200816070799968,0.05397765586136792,0.024100187759539742,0.005513011816611422,0.1114731898511045,0.015406868250074252,0.11022956026559885,0.14476081846103178,0.19718944995838697,0.22761382597233892,0.033430045376701537,0.03640345961670343,0.04551995157042177,0.045933072570171735,0.042918733938978056,0.04466198200665231
feature_42,-0.010947775562780617,-0.0005467759793179805,-0.012161084717356585,-0.010330631345447115,0.028161402673868633,0.2001595431766807,0.11527881719596776,0.26594337706001175,-0.03154479077564925,-0.007732364500938728,-0.005320504492306745,-0.017264853611845793,-0.25505269487510385,-0.16365939001461347,-0.2727693578908879,-0.06340245461003832,-0.07197174081121666,-0.06524522024541557,-0.1137269147100801,0.0393325941764205,-0.005095352546861066,-0.020966671416181366,-0.015741045354168353,-0.05080748887372479,0.02629097105075574,0.04001330552482597,-0.013753761091788774,0.01150006154221307,0.021239689696579328,-0.058226884474641076,-0.06192238531919089,-0.02128759189825844,0.005952142894225991,0.06625663076134806,-0.00807524904404102,-0.004853494581063723,0.07838646612837613,-0.18850089636091724,-0.16583947407738206,0.237151118806101,0.20400784174590827,0.1846210202015007,1.0,0.3094069140472915,0.5202958143286909,0.17007003643142157,0.4274844566866558,0.42012399656403,0.21658350231531176,0.4685484343383155,0.1579906071424643,-0.08253393088613571,-0.003935488088080669,0.6957874143784895,0.11303259878082114,0.3445441176476636,0.16495747738337532,0.37230670779557506,0.45869313750225205,0.21067345339982185,0.46500168076390913,-0.0045340455483983255,-0.0031120172821140616,-0.044854882641349084,-0.04246649724168171,-0.09890925422646059,0.02933483725709332,-0.2928027300149006,-0.20139765102872287,-0.3366272266810643,-0.18673706950022548,-0.053913785842404006,-0.15924924092836054,-0.059513883889826404,-0.044881118046958504,-0.05164972768665142,-0.03837378882153691,-0.06378370383034165,-0.047564250504678426
feature_43,-0.02283683223944106,-0.042182859744050435,-0.020295607147144238,-0.018939016474590703,-0.016478255089251694,-0.01378956972326441,0.09568893662373897,0.01883415974257385,0.003407073068603691,0.0018140987018711795,0.01724544822218049,-0.004782505369575798,-0.05911749355648291,-0.10137339510581628,-0.08305180917959626,0.028297166823746233,0.014808124954284138,0.029171942705292664,-0.024308885604784145,0.0363585050048592,-0.01107741174272263,-0.020584097540688018,-0.0463304216099468,-0.019918659162883354,-0.032586895297718126,-0.014312342306727498,-0.01015934760653609,-0.033706519096871765,-0.02140239201101603,0.03278014388918393,0.03658309844238849,-0.021526347201254667,-0.003321862606230883,0.0349437494987224,-0.014340340962513002,-0.011080240654403785,0.06469294898867164,-0.06501954846558898,-0.0621772115808137,0.21619405023903698,0.6846720980204326,0.45033875396186174,0.3094069140472915,1.0,0.5936258429281366,0.11851905820054204,0.15377253384311607,0.1282063525419173,0.27863134143607593,0.19846917340591613,0.0641421903614371,0.061702925192444025,0.0836378353246554,0.1266652443797775,0.118908470711835,0.16078582710838377,0.07387000764380318,0.08686747694244179,0.10752788325525817,0.242305294784024,0.15940222279858485,-0.019610642558256456,0.040229011998906127,0.00016214103310126303,0.03053701893969685,-0.005822941431966124,0.018193916052084872,-0.06239679656488454,-0.13248644621624045,-0.09534796180484897,-0.049730345593934355,-0.025464536588915967,-0.05840808603695688,-0.012365109771556226,-0.006275320339385138,-0.01338317349005692,-0.009012232331224737,-0.011938213066558649,-0.00770336949598176
feature_44,-0.014918897418833503,-0.030526057200497773,-0.015297628609777634,-0.012261253507031094,0.0043749154443748495,0.04416611815035394,0.1598363935346695,0.1608007423797916,-0.003930095758977497,-0.00116411293159786,0.003340384383363956,-0.016121596252992795,-0.13438576988383472,-0.1782702888291615,-0.20181238498796927,-0.026980468901035847,-0.04308792821790335,-0.03240942649021434,-0.04737332565705225,0.03207584501594866,-0.017607443453262036,-0.048300890389794134,-0.054808485946641804,-0.0717217247216159,-0.016537038421861137,0.005899895570669997,-0.02379850519769262,-0.011667254480783108,0.0025710429621432127,-0.03288454151995743,-0.02779663968052524,-0.046003923208458024,-0.0032250418064316768,0.029179708667304693,-0.015012040710506023,-0.013136102128839724,0.08563394977955734,-0.09668355061602633,-0.09100945098786178,0.20590956656660425,0.4498826921902782,0.37898520936498703,0.5202958143286909,0.5936258429281366,1.0,0.13201573556820453,0.2606532544019371,0.2251644452791543,0.3421092663049185,0.40552181719651664,0.09334243403576038,-0.025070778218165026,0.09396885171255767,0.3392787566215621,0.139430193610568,0.44129178397073404,0.10695372471279956,0.19362394152647133,0.22665357477045006,0.32110493687805414,0.3804833546731301,-0.014081644419624513,0.02837822232156219,-0.04295063593509087,-0.00748797442911328,-0.027335488922893836,0.0180812916992466,-0.14833812953472522,-0.23152988327219948,-0.24146406640001264,-0.10824899879437322,-0.04557191518415835,-0.12880132766762592,-0.03203215022302692,-0.023131299896144708,-0.03181581481155365,-0.02656268267674043,-0.03334369966153439,-0.026948158327041487
feature_45,-0.017959896416355592,-0.053765651303748475,-0.01544120346008456,-0.014949028755179497,-0.011432638634117278,0.3265219900830811,0.04765649272706417,0.16954616358728036,-0.33047335584522936,0.01582140376992165,0.008950003888477132,0.009052946124792894,0.015255726693749956,-0.0518787600591987,-0.054877801014546396,0.05421354032426321,0.04070504187013021,0.049574889281182255,-0.28660406111420933,0.40805754908863145,-0.02982054239709799,-0.021993911201111348,-0.046246282960664895,-0.02476942049633766,-0.04766319534173848,-0.04702048305213239,-0.017100003372786856,-0.032602079847870225,-0.0338114382233978,0.024983372306994843,0.043456910136357725,-0.02000315390319954,0.021746491246017064,0.18048902683630716,-0.010265987293882584,-0.008293972525420306,0.041683537440715734,-0.5357135415486408,-0.48071132983834985,0.3720072901902748,0.14025773205446693,0.22008163846290052,0.17007003643142157,0.11851905820054204,0.13201573556820453,1.0,0.2676058504296336,0.4968449850465867,0.11624667883623588,0.3175056617189349,0.30286450640667395,0.05542887322076013,0.14252430703517907,0.12994513815858041,-0.008049040247683242,0.023096667420109573,0.8275637766358462,0.2798880726776436,0.5166926329123919,0.115034766530982,0.31072369343372436,0.005524135713080241,0.038006562758701554,0.024572488662415643,0.024255289102975364,-0.3085015744888071,0.40171797632769335,-0.0681683802608038,-0.09516670839677555,-0.12763515138648907,0.11714170459937129,0.023656523127437032,0.045652352533210296,0.021364499315727346,0.07337945491781599,0.033072859281192156,0.07401737707189263,0.033197118572066385,0.08395967086364849
feature_46,-0.00867084007117751,0.1444101889444574,-0.020593092577855632,-0.01733062846987775,0.04189896534918469,0.2763140952214186,0.06437779063607714,0.18635213779735244,-0.1984464510907533,-0.009697026223597463,0.016209099367829542,-0.002884285038273309,-0.2707986469410714,-0.10985535557270087,-0.17854246534047774,-0.038742902520839353,-0.04186811699712205,-0.03826491713762914,-0.4232192803082827,0.3126869840246151,0.01911584935415504,0.004145298720380393,0.02238485952732769,0.0038025691135473547,0.046319850108389085,0.04773683978534403,0.0026638293463479724,0.023020658597049957,0.030335125764259386,-0.021056653255184715,-0.03075092840078891,0.0041814919912252805,0.024822275987411452,0.16063840615352679,0.0022955484555551445,0.004971498987230286,0.06275303416520257,-0.5694280217550515,-0.4843408092429531,0.12547883419879832,0.09564878240597677,0.08508934747385079,0.4274844566866558,0.15377253384311607,0.2606532544019371,0.2676058504296336,1.0,0.46345929483544623,0.11524908322128329,0.3082487538107317,0.0754710725122273,-0.04737714053683886,-0.01733021907148377,0.3670717158059036,0.06670025703169724,0.18272068577310532,0.2602186059752338,0.8234820208399347,0.4940492873078581,0.10937466215257445,0.3032950221347182,0.01456196411903741,-0.014915546268219221,-0.0020436319195247855,-0.010403866725256545,-0.4205882808332426,0.3335371223846849,-0.3275212752057744,-0.1334504711599776,-0.22830963518430233,-0.17933049483533614,-0.040383608835905,-0.09131028504108055,-0.06101194379704498,-0.012253352499834601,-0.06786481122675499,-0.025732996307426967,-0.07572592356822974,-0.025822930117875384
feature_47,-0.018806310962346192,0.0168359922963319,-0.019201855856835356,-0.018591413611141874,0.018012004939452406,0.49137440774769664,0.0951176740440325,0.321653013001486,-0.24513300177547276,-0.0013801022891759592,0.01303021669937819,-0.004019898508928921,-0.16758787029433245,-0.12604587654948401,-0.19087238059155762,0.015664973160558995,0.001970308172112946,0.013322144001097868,-0.20608164862982845,0.20902634186316152,0.011603171984384757,-0.006873036013442191,-0.002474434620579483,-0.00241347254218979,0.001605929146361262,0.006479837403839481,-0.0015042009275145788,-0.0014897577235502462,0.0034377323553933564,0.0015607682155896788,0.007843269072608454,-0.005786549157626229,0.09163502268368037,0.3965342519649553,-0.013134375657486172,-0.004785966831400244,0.11387247223717287,-0.461048780125724,-0.4383161687216037,0.3872872353703862,0.11234697105139883,0.1952945835377333,0.42012399656403,0.1282063525419173,0.2251644452791543,0.4968449850465867,0.46345929483544623,1.0,0.19974001412212683,0.6198328442420153,0.3500202151199341,0.012842557479572917,0.12462177278064078,0.3935454827878234,0.02984664315122123,0.15458464678799794,0.48818419542668773,0.45951768692231526,0.8300654126847326,0.19554719999407572,0.5839793004467766,0.007915562751043612,0.025442077654650414,0.018997797581458642,0.03136964095483964,-0.1999020159146601,0.20166702797271382,-0.2714986508060068,-0.17806973417998836,-0.3018750384547571,-0.023228301199597994,-0.01017037147224852,-0.027962087145519496,-0.006000088205234343,0.037938710903225675,0.00045610403970109444,0.03955476041578487,-0.002482790503238018,0.043755993112537944
feature_48,-0.005604096897595627,0.008939295846411531,-0.0063206982777371575,-0.00629691144158837,0.040294276085062114,0.09086904377648952,0.34825584722879194,0.22596673358494532,-0.02106444288190941,0.002625447003635866,-0.00097980666774327,0.006164095703585751,0.0038135277781300354,-0.058823714312764445,-0.017341210996477095,0.0023955110995757902,-0.0004639996886654092,0.002767045475170942,-0.004510323041053085,0.001514467959412918,-0.0036288528479752574,0.0004848941721901346,-0.002911996482427169,-0.004290372386928512,0.00011093341944316681,0.004245729282390301,-0.005039893683709482,-0.0018122520172914936,-0.006219154888328021,-0.00013804515504471122,-0.0009031134267280372,0.002768709491843549,-0.0005005517901169122,-0.023118994409423742,-0.001473035356147244,0.0009021368679373992,0.03557984519242479,-0.04270659233404781,-0.033515872357156244,0.22208186693627455,0.27886102154655223,0.32971999481961606,0.21658350231531176,0.27863134143607593,0.3421092663049185,0.11624667883623588,0.11524908322128329,0.19974001412212683,1.0,0.5498806661115709,0.2091406263759096,0.18763184989860598,0.334777784177259,0.2055868250858298,0.17734392775927715,0.3414177921399907,0.10776881598805917,0.10567348687390121,0.1950802358686339,0.7378918274552035,0.4356112889310922,0.002050917882912741,-0.00524634153876961,0.0017215953508469425,-0.01513291036320084,-0.008494630462733993,0.003095991532325277,-0.01528623957059268,-0.23898478076054602,-0.08200720790613898,0.020535613754884528,0.18952703807362478,0.06224464915582473,0.009731275843607173,0.010171942169881773,0.009370558733219944,0.007412882524490581,0.010008584043744478,0.013614721774455423
feature_49,-0.003977743471099937,0.03414871482663081,-0.007854514104761814,-0.004596234953186316,0.03369025107569619,0.3348186306663052,0.23179916822361865,0.4723782354474711,-0.1017301693559211,0.003055280456599825,0.002385164474592014,0.0028166262266511935,-0.04646914101382474,-0.11649825407006112,-0.11546808243863993,0.00828447719938399,-0.0014131846011704073,0.008638389972568172,-0.07260148164748276,0.06063552674835384,0.0030066207595276532,-0.003076530201579393,-0.0012248022057570552,-0.0012459647042343534,-0.0036180939248692265,0.002960662171938892,0.0010161112871073768,0.0013182073307771694,-0.0018620697123004416,0.002466893574487878,0.004756092265297761,-0.0011383696458375698,0.01442336328076615,0.07303986373929819,-0.010900076975538004,0.00015751950209099005,0.1670370050924453,-0.2087129374814297,-0.18029689698893897,0.467631117548721,0.18970675580584082,0.3837692698529908,0.4685484343383155,0.19846917340591613,0.40552181719651664,0.3175056617189349,0.3082487538107317,0.6198328442420153,0.5498806661115709,1.0,0.4568945237417232,0.05554835446875438,0.34150182761165815,0.45979901692093883,0.058696812560374914,0.3606892952583093,0.3074045279359602,0.30039540737963666,0.6379552619520437,0.47509908781153826,0.8614388625851929,0.008096150150846316,0.013238319314045377,0.015458789118369839,0.016241349210471205,-0.07312495175606358,0.060580199082116974,-0.11540872054677692,-0.25143355396694883,-0.26427552483096695,0.044517845864881805,0.10022920735692147,0.08462552330640417,-0.0005243655785021163,0.019000631884310632,0.009858029755239027,0.02359284005511147,0.007401267049321637,0.026591794264410263
feature_50,-0.029015224824188692,0.04133629304085627,-0.03403230645168298,-0.03350166906213552,0.027616063279487645,0.3073097839385471,0.12510031281250958,0.3254377181527801,-0.13314922672118115,0.021776863728457645,0.027645845952175088,0.03270889329791736,0.2324587945891091,0.07472679168135761,0.19380674039846713,0.19251686325345152,0.17926662388240563,0.2016518964170355,0.04112689918195013,0.06041949507194156,0.014934942272355934,-0.015240157895493319,-0.04791319548756189,0.05730443805925676,-0.13458810583928715,-0.08297252468594657,0.011283021857434263,-0.038449866663811005,-0.045595526079991,0.16065992575924543,0.19533508284963333,-0.013446417327973933,-0.026216757020499803,0.010100159760353352,-0.02759448242583046,-0.028089929820367242,-0.032578740022729015,-0.10710210818754562,-0.0998204285655138,0.7045551712001542,0.13498153489464568,0.3447407296402283,0.1579906071424643,0.0641421903614371,0.09334243403576038,0.30286450640667395,0.0754710725122273,0.3500202151199341,0.2091406263759096,0.4568945237417232,1.0,0.20654527768650732,0.5036638044138894,0.14794519680842044,-0.06312698487713905,0.005407661402242453,0.3473650159369211,0.0694994522260907,0.42137035580583915,0.26365335822534725,0.499711625563026,0.003074062243900306,0.08840152784390971,0.09408897981064887,0.10022984804573588,0.03936246851492979,0.05777293415442277,0.17861911272768202,-0.020245973737921273,0.08719487978886997,0.27849792543594726,0.17108477853583673,0.2986130539059636,0.0718419964372141,0.08335098074141388,0.0754312639557611,0.08174389662793517,0.08319619919356669,0.0949601291583872
feature_51,-0.07732119206996349,-0.0015035482479628275,-0.07708137584134353,-0.07832243058860187,0.010991368896401756,0.011940197735184673,0.10499355227581089,0.027387965001389042,-0.03267123241284146,0.009410324050967783,0.062340634833902675,0.07764083070377041,0.11064777025431428,0.14480698992891686,0.13974945414206916,0.3204042384498549,0.36772464966248053,0.35165723795130827,0.06412491861701998,0.054042557163331464,0.07262225078442378,0.06965895998513214,0.03894523236254001,0.2682501766084817,-0.1327480430822138,-0.06146478731284555,0.05437368167871911,-0.048693734986144856,-0.07052228113323139,0.3582174941143975,0.3641624572998016,0.0692081004837028,-0.03057563283566034,-0.013744545856351124,-0.03053892135762389,-0.03096404289758632,-0.046694985722981044,-0.014985531227956542,-0.013898712301938513,0.13861498549022835,0.16015956951748694,0.18582761303203701,-0.08253393088613571,0.061702925192444025,-0.025070778218165026,0.05542887322076013,-0.04737714053683886,0.012842557479572917,0.18763184989860598,0.05554835446875438,0.20654527768650732,1.0,0.42519833168225324,-0.10020319572128931,0.09875336912077269,-0.08346669418839849,0.07114314593212441,-0.05056517137030065,0.02268561407063633,0.268134983478687,0.07857164654215669,0.001699911046975426,0.09379134899378579,0.09974692305516275,0.11277726929787772,0.058591577506350107,0.04993108708192609,0.11635478045425539,0.07981969003927787,0.1299173964788181,0.09987084010574092,0.17748318234369745,0.13422317838906705,-0.02735051826450973,-0.024214677719549584,0.023892213855958352,0.022979791358939034,-0.00858977990834252,-0.007040669597567366
feature_52,-0.05521560594839638,0.020528080465974884,-0.056927286691031004,-0.05551993373052685,0.010654610315096593,0.140115085284309,0.21218458107412624,0.2562554538746747,-0.07639205750345145,0.027078117059835836,0.0552137489468398,0.06831787626119955,0.1787443044173096,0.16906663910001324,0.24338069704843074,0.3288419763954082,0.341328468452762,0.3614208868984184,0.07388733045324823,0.04281539215913948,0.040824994757171926,0.013540359457754616,-0.028540182920459425,0.18297233626954215,-0.1655100264534284,-0.09856882480055268,0.03750956342067507,-0.056673168433157665,-0.07760140708217919,0.32206119969523933,0.3537830654939602,0.014842684470413675,-0.03556235945664369,-0.01899379608575238,-0.03398368767531227,-0.034171003245584204,-0.047252157474282346,-0.02304519996448294,-0.0278705833812485,0.35831980704037536,0.18790333592567232,0.4617780894946323,-0.003935488088080669,0.0836378353246554,0.09396885171255767,0.14252430703517907,-0.01733021907148377,0.12462177278064078,0.334777784177259,0.34150182761165815,0.5036638044138894,0.42519833168225324,1.0,-0.016820538860468897,-0.0446999559176208,0.033448965420887815,0.17692947664062186,-0.024011945562067417,0.1692288318265403,0.43411493596680367,0.3915478615570017,0.003448469073237515,0.12423706883498148,0.13202631333840298,0.14261582730956412,0.06886259992152223,0.03556337197072908,0.16296078999623437,0.03556241004751563,0.17504329995697712,0.18436177912972146,0.27646334860329463,0.29715401784958995,0.03546452703697323,0.037126129583063175,0.07856786634043386,0.08045880578634411,0.061020765199684565,0.06554522368270972
feature_53,0.018275304205662132,-0.003628560480933388,0.017772106031804975,0.019256501056247433,0.02923825399943799,0.2049468270082582,0.13106443374653398,0.29153325573129335,-0.011971550353874936,-0.016323595650833495,-0.03221361700637684,-0.02452399801712005,-0.2890048561820644,-0.18546639407302343,-0.31014074905183175,-0.191327266003778,-0.1869546854542229,-0.20269288768131155,-0.12701329665973463,0.008759857119047386,-0.030583066379018035,0.010301872315835544,0.03791682781004326,-0.0708326290631907,0.13691451054089104,0.09004029411161651,-0.015214725904542536,0.03590913117082476,0.040760968575809894,-0.16640089568854824,-0.1981123181756072,0.009021174152012356,0.03288462481880837,0.01903664371447451,0.031024904326023228,0.029255534382196895,-0.04699349426879197,-0.17504208773227437,-0.14956667180147687,0.15123155653815,0.040904439663165953,0.06429160085985074,0.6957874143784895,0.1266652443797775,0.3392787566215621,0.12994513815858041,0.3670717158059036,0.3935454827878234,0.2055868250858298,0.45979901692093883,0.14794519680842044,-0.10020319572128931,-0.016820538860468897,1.0,0.17921665595843067,0.50598893996899,0.13714767504810038,0.4264321859729088,0.46997499776448104,0.2565587151714894,0.5125652577476196,0.0017523073279165945,-0.0933749881711852,-0.09731789954780214,-0.10419064754647761,-0.12444754414259042,0.015484364152600842,-0.3233590083441163,-0.22842085747673357,-0.3742398806118415,-0.2214667405430895,-0.062375177667999104,-0.19098887308066254,-0.06937766175717724,-0.0552365956643222,-0.06706304265523781,-0.05410654704952992,-0.07720563800599851,-0.06167324206162029
feature_54,0.03358599374649751,-0.023083181349931196,0.03463114099219455,0.03414147822732337,0.017041868481386755,-0.0296070525406961,0.08344489316695201,-0.011399331657971516,0.01190575653859054,-0.01814085329354651,-0.03070035991520677,-0.06301614667395365,-0.11113548059110685,-0.1715720019251394,-0.1407837183428628,-0.20967844646879719,-0.3186631465965774,-0.24344620467536776,-0.05525659484291305,-0.017694254964115603,-0.04792092960305913,-0.0656154600230093,-0.06047843740254714,-0.21212975694001765,0.07008431611441145,0.04047112862784307,-0.061120717256060345,-0.0003051410304767328,0.03978309102319157,-0.2377791249021148,-0.23183407151617108,-0.06687926637557591,0.006212987217709898,-0.005983246255783511,0.012992385989966089,0.009753632829500479,-0.05382098274720406,-0.035662346502849565,-0.0374969550722802,-0.07897888683172279,0.014983819960171644,-0.045756168856928556,0.11303259878082114,0.118908470711835,0.139430193610568,-0.008049040247683242,0.06670025703169724,0.02984664315122123,0.17734392775927715,0.058696812560374914,-0.06312698487713905,0.09875336912077269,-0.0446999559176208,0.17921665595843067,1.0,0.36554894730358223,0.004844854081733202,0.08797043425480568,0.043174697510006924,0.25099710892379956,0.08696184609007315,0.011058706798754852,-0.053987997684635844,-0.05507783688131336,-0.06759283461494957,-0.05101981923000748,-0.014690423325569519,-0.11060705687175336,-0.17958066011445667,-0.13568502077276307,-0.10437823177369845,-0.10117729693353367,-0.13340270079408428,0.012849773981938643,0.015466543923247825,-0.02888375139096814,-0.026812271449242645,-0.0013615099160529073,0.0020098897948867813
feature_55,0.04533808381578556,-0.020084848033936547,0.04507358768275519,0.04671433882832858,0.018634950579948774,0.04221123256027895,0.19864094426564105,0.18332179038450902,0.02963556102892802,-0.02402634184185806,-0.05856178147174057,-0.05416207444270076,-0.18263417539716773,-0.24011799146643506,-0.27073425026592135,-0.31279884968985366,-0.33500535091402994,-0.3476668683125552,-0.07478890198193659,-0.03310270732791666,-0.039201074682025196,-0.01875628055967413,0.01544285019479133,-0.19301847757373677,0.1437231062917456,0.09509589130310808,-0.035113944307194056,0.047230781030931236,0.0669331857529695,-0.31398344986374377,-0.34150375442080366,-0.017872075537755976,0.03128439458336837,-0.015804399170004348,0.03629697705594263,0.03422534163970618,-0.06588407741296227,-0.06204327696182954,-0.051732048978989836,-0.004729434551611188,0.05230473556298248,0.06558100011518576,0.3445441176476636,0.16078582710838377,0.44129178397073404,0.023096667420109573,0.18272068577310532,0.15458464678799794,0.3414177921399907,0.3606892952583093,0.005407661402242453,-0.08346669418839849,0.033448965420887815,0.50598893996899,0.36554894730358223,1.0,0.03506187754752205,0.2310662526756733,0.20272358485383532,0.430769168737476,0.41788182694864384,-0.00043892498419223643,-0.11259881812474073,-0.11311534031992156,-0.1297077139242543,-0.07152515955555586,-0.022939134571449745,-0.1929300219565285,-0.3042681505744953,-0.30451282540132363,-0.15761331449539726,-0.07328966891157963,-0.1937382806226123,-0.03507891138658744,-0.03155830256498366,-0.063095630326164,-0.05840299093227171,-0.054595559450074334,-0.05001106823928641
feature_56,-0.036801449677922676,-0.07052541497483719,-0.03385590851925985,-0.03239060595996648,-0.020853324081039355,0.3291884389196998,0.04850081104060976,0.1728145251067624,-0.337399782994922,0.021649842954781787,0.0024197287765450135,0.011293206706115515,0.02645013217418669,-0.06159632419777822,-0.053636170994083125,0.08189651305462399,0.06732842529785395,0.07957506097926026,-0.3207097550560589,0.4163473412119623,-0.03484716869863643,-0.03822826324810388,-0.07857755647450058,-0.048468384994705675,-0.08787289638546422,-0.06179769363499592,-0.02811849662319602,-0.03763672807326283,-0.030423773916548102,0.03971820131521486,0.07061524196747562,-0.03768998404264815,-0.00044672068917216596,0.14016587477217393,-0.0243204671864274,-0.025590703906626655,-0.022413167621583154,-0.550900409393787,-0.4949643093040394,0.3228183431103499,0.07932061629802267,0.15571260694055022,0.16495747738337532,0.07387000764380318,0.10695372471279956,0.8275637766358462,0.2602186059752338,0.48818419542668773,0.10776881598805917,0.3074045279359602,0.3473650159369211,0.07114314593212441,0.17692947664062186,0.13714767504810038,0.004844854081733202,0.03506187754752205,1.0,0.27436658244969997,0.5376295192273124,0.13893531945417859,0.3359584604525162,0.010831750672405485,0.03904722095657285,0.04891905269840566,0.047832860224858345,-0.28464097104805297,0.40834610526918036,-0.061251879983967486,-0.11102773796528459,-0.13226347728752608,0.13170761907517772,0.026540959628399644,0.05325221064555912,0.036521239319970845,0.08938522752155756,0.041581825608998486,0.08462848699804122,0.04765900267866951,0.09990131553446421
feature_57,-0.002267601055393977,0.12802643067445255,-0.011869047193933712,-0.00915855640262278,0.03439282231492713,0.28549682268348975,0.06885443594283087,0.19436304722179037,-0.2059137932510093,-0.013893810362439757,0.008448094184845144,-0.00605783435769859,-0.29167776305940973,-0.11733918563897203,-0.19473647827619003,-0.10112506642469209,-0.09057599723457319,-0.09696818484951146,-0.44357261767066053,0.3705176001755459,0.013296584971826985,0.01451748862816206,0.05112101218414425,0.009497126087239235,0.10441411161051758,0.06736566136089983,-0.00017784640369918886,0.03557485580323661,0.03938771977156877,-0.06108469132761516,-0.08864239999283302,0.014374504911608013,0.0396064954905036,0.12387791946542072,0.025158518972935282,0.024174574799591817,-0.0006930595432061428,-0.5976109443232116,-0.5086178574875112,0.10883933962358966,0.0413928305808665,0.05029656213883388,0.37230670779557506,0.08686747694244179,0.19362394152647133,0.2798880726776436,0.8234820208399347,0.45951768692231526,0.10567348687390121,0.30039540737963666,0.0694994522260907,-0.05056517137030065,-0.024011945562067417,0.4264321859729088,0.08797043425480568,0.2310662526756733,0.27436658244969997,1.0,0.5179454814459129,0.12932860718656433,0.3279223194334495,0.02193758608815979,-0.046972493674089344,-0.052548440885803495,-0.05100560752089711,-0.4433558565661981,0.3341944285912604,-0.34945557007899336,-0.14088869947723925,-0.2449570140679688,-0.19597415345627942,-0.043021406852511754,-0.1039711091064435,-0.07246249703256154,-0.021426206642112932,-0.07455912130515434,-0.029060132396631827,-0.08694505065645282,-0.033593550130992196
feature_58,-0.017084121482409953,0.03810954167884333,-0.020545964905562514,-0.02099733064696185,0.016899586522806993,0.5203474834197761,0.11445680806573225,0.3732426873170678,-0.24179978010128703,-0.00033040764112368025,0.011195916898378788,-0.0020879406873446716,-0.169202595210414,-0.14032500281878404,-0.20254496741416972,-0.005677229673799154,0.003225574600922092,0.0050160122370265505,-0.21177973784041376,0.201389093257606,0.010686428482618531,-0.007474644580988131,0.00019039784152323779,-0.0032073629941894075,-0.004248971224756724,0.002232481560497889,-0.0013703333751201464,0.005154310597983875,0.0072547271634379185,0.002669852170035682,0.007927594007395716,-0.0062322235929277965,0.01047740779018395,0.1050673543337141,-0.004975230092999027,-0.008272214430481815,-0.04126463368800108,-0.48330133938773595,-0.42753063313195466,0.41910790096787853,0.09102672866875763,0.19468335925203992,0.45869313750225205,0.10752788325525817,0.22665357477045006,0.5166926329123919,0.4940492873078581,0.8300654126847326,0.1950802358686339,0.6379552619520437,0.42137035580583915,0.02268561407063633,0.1692288318265403,0.46997499776448104,0.043174697510006924,0.20272358485383532,0.5376295192273124,0.5179454814459129,1.0,0.25187693660526855,0.7035968175316083,0.014497435525750953,0.01061979071183824,0.014820100407718908,0.014068150606597041,-0.2044434500379195,0.19521835022894113,-0.2850199605162851,-0.2117312832981894,-0.33290900835913023,-0.010760895644364197,0.007604504759292241,-0.014038149607533112,-0.0018249111526053479,0.04095027813771826,0.0028750853134190454,0.041405999011135376,0.00252220265295842,0.04717698969196293
feature_59,-0.005355073674500221,-0.0020675788208718345,-0.0044953747135545565,-0.004660346808151193,0.03665332306869095,0.11574560424165792,0.3901047966495739,0.26603134332568323,-0.03555470794461779,-0.00010767191254774788,-0.004321139193728583,0.00793624358106262,-5.22108731231863e-05,-0.0730595076388043,-0.021181137509376065,0.0007443206013903879,0.00020567473430135497,0.0018308905638861838,-0.004795743918419582,0.002961343830124707,0.0023202551535419845,-0.0008900151674032264,-0.0010194152638509392,-0.009333810078402331,-0.002969577470387541,0.005434829555263514,-0.005263294611578907,-0.0016314632912036958,0.0007045316439581988,-0.005406022449654463,-0.0036968575040970653,0.0014216421669735952,-0.004580726379103606,0.004959692273032561,-0.004446122895041789,-0.005941011537668002,-0.02987213976423141,-0.05851020937280934,-0.05204315012201455,0.21273436619055905,0.2386726744461002,0.31684429839629913,0.21067345339982185,0.242305294784024,0.32110493687805414,0.115034766530982,0.10937466215257445,0.19554719999407572,0.7378918274552035,0.47509908781153826,0.26365335822534725,0.268134983478687,0.43411493596680367,0.2565587151714894,0.25099710892379956,0.430769168737476,0.13893531945417859,0.12932860718656433,0.25187693660526855,1.0,0.5451887599725934,0.000755485577351682,0.012316045679936114,0.00612718939239206,0.0100175238150972,-0.006859893176596973,0.002532884101729984,-0.0222857754491268,-0.3038587369804146,-0.10103955101072495,0.025367756894629587,0.24455570629897172,0.07709007639813575,0.012321578283810163,0.0156270996553484,0.014381410761661766,0.017887053326632586,0.01244842699925507,0.016699505133038636
feature_60,-0.007749621742309434,0.016113759508309015,-0.008635867342337488,-0.007928989758457003,0.009818972657026628,0.35793285117462353,0.23883277167080028,0.49674776153703376,-0.10762503107700744,0.002117352979334483,0.005024191488693616,0.0027575095453903032,-0.056871340235036184,-0.1347630071887297,-0.13261680964497183,0.0013480951183759444,-0.0018535196804969536,0.0010009417845415003,-0.07361159506713644,0.06404253704717024,0.005781244591996971,-0.0020508614659300764,0.0038668456144313745,-0.001039803573897394,-0.005122318142306437,0.0033103044743374942,0.002545734818562472,0.005774991892564988,0.0043223711193017865,0.0005368360805637581,0.004264277940762677,0.00017532739795049485,0.0031659075889942405,0.03452831638051566,0.001650257430703148,-0.003179962884040083,-0.06904647377757933,-0.22199388685181745,-0.19482885592976926,0.4539643420907197,0.146247899953565,0.354087648701544,0.46500168076390913,0.15940222279858485,0.3804833546731301,0.31072369343372436,0.3032950221347182,0.5839793004467766,0.4356112889310922,0.8614388625851929,0.499711625563026,0.07857164654215669,0.3915478615570017,0.5125652577476196,0.08696184609007315,0.41788182694864384,0.3359584604525162,0.3279223194334495,0.7035968175316083,0.5451887599725934,1.0,0.005836280205295569,0.010333615538958155,0.011930042957722353,0.00990484651048665,-0.06992174707012377,0.06146301268860423,-0.13063470854151224,-0.28424967155220365,-0.2948645652738923,0.03937578403775046,0.11027109950529321,0.08445262048591252,0.0023627398736475996,0.021418873966999832,0.010442622419603793,0.027381270404418144,0.00619839434209749,0.027061811663737514
feature_61,-0.20320184508021658,-0.006363847000869066,-0.20179721846721088,-0.2015858577423568,-0.006173711037040721,0.019112322306385748,0.0013183972744382367,0.0044756799991249475,-0.04078183667738893,-0.0015112529645179421,-0.0029038261578694905,-0.001231828806040245,-0.025617290765719582,-0.011197062968323427,-0.01967520373728822,0.0038996473627692157,0.0034162402664477862,0.007156855369376211,-0.018816018870970265,0.02617425903592009,0.008804142469038847,-0.007365639979151483,-0.004867239291896372,0.006864453232727652,-0.020457987182637,0.007590833451643597,0.0030420441105004606,0.0009181016151050198,0.0028490009143098656,0.004218900969615706,0.008273775287574224,-0.007661302896526332,-0.5490190567916166,-0.005480339978517846,-0.5654423483998859,-0.566052333106438,-0.0010311936250896585,-0.045936136419440436,-0.0293182295569823,-0.013716140395845025,-0.01901405955436519,-0.02193090662248736,-0.0045340455483983255,-0.019610642558256456,-0.014081644419624513,0.005524135713080241,0.01456196411903741,0.007915562751043612,0.002050917882912741,0.008096150150846316,0.003074062243900306,0.001699911046975426,0.003448469073237515,0.0017523073279165945,0.011058706798754852,-0.00043892498419223643,0.010831750672405485,0.02193758608815979,0.014497435525750953,0.000755485577351682,0.005836280205295569,1.0,-0.018162894694257442,-0.01183599359106656,-0.017193051504986574,-0.016109123183706553,0.007197125235081383,-0.026570565177728253,-0.012865864891202717,-0.021234240518378092,-0.01938250698897324,-0.011402761703180364,-0.014441227851823623,-0.019201166549949536,-0.014179175503647055,-0.01500129500333067,-0.015350968396242892,-0.01730425784520933,-0.012790432930012386
feature_62,-0.11707490738032117,0.00829208557865961,-0.11627677655717933,-0.1178218128049984,0.005205318862651294,0.025330621999877196,0.007042031698546226,0.0063186334632236996,-0.05356575331454248,0.024870467895745933,0.01699145785203611,0.019500580889672284,0.0321390107864787,0.0287320749353417,0.039833145776914686,0.2687970966189584,0.24279127020272245,0.28265381304601406,0.007357283518396348,0.010992750815882557,0.007506772936123992,-0.08924480360239467,-0.13697731007264885,0.0054038185982603956,-0.21178902880980394,-0.09005785230122083,0.021781624072751506,-0.17946601622417827,-0.06914967569317336,0.22414012514821766,0.2842269243126774,-0.08866996013176834,-0.08778884651580883,0.011093789566923386,-0.09314006763000592,-0.09334522149065344,0.009941105575824076,-0.009153406935492618,-0.028092165045251274,0.048288977794834514,0.017263034865092144,0.031514571388153646,-0.0031120172821140616,0.040229011998906127,0.02837822232156219,0.038006562758701554,-0.014915546268219221,0.025442077654650414,-0.00524634153876961,0.013238319314045377,0.08840152784390971,0.09379134899378579,0.12423706883498148,-0.0933749881711852,-0.053987997684635844,-0.11259881812474073,0.03904722095657285,-0.046972493674089344,0.01061979071183824,0.012316045679936114,0.010333615538958155,-0.018162894694257442,1.0,0.5970907943243493,0.7673619921755602,0.028218656379011258,0.025080292091224577,0.0332519723110473,0.022415304858975724,0.03544383366760756,0.035983615058734326,0.024501492442707693,0.03981665889428774,0.04574326407213979,0.053739201005623384,0.024019058049809004,0.02756907970279304,0.032761974959989906,0.03536379013985831
feature_63,-0.08533995794902129,0.0014040320292813308,-0.08454829305813599,-0.08425643493386947,0.009258468842820073,0.023095493744833474,0.009511833826036186,0.013115638057674253,-0.040051525537483985,0.022542832089040576,0.02596339968762032,0.028524083205574233,0.030938146464976238,0.03151814732249331,0.0393038976414747,0.2664251753028383,0.24158526873519287,0.2852110043029525,0.026008466176077407,0.029521401612340754,0.004890997259487797,-0.04226492864983812,-0.12043359869794736,0.03003575320989241,-0.19211304242061425,-0.08659618885855588,0.022748821662233836,-0.13344474201904208,-0.068933335151554,0.23459418758010664,0.2893276710132479,-0.04269849784158421,-0.08063060021148497,0.007787017953216794,-0.08550869204458507,-0.08397029373040152,0.009760999120207562,-0.0199230994253369,-0.02617112298310015,0.07340943819062537,0.024787603317476415,0.08200816070799968,-0.044854882641349084,0.00016214103310126303,-0.04295063593509087,0.024572488662415643,-0.0020436319195247855,0.018997797581458642,0.0017215953508469425,0.015458789118369839,0.09408897981064887,0.09974692305516275,0.13202631333840298,-0.09731789954780214,-0.05507783688131336,-0.11311534031992156,0.04891905269840566,-0.052548440885803495,0.014820100407718908,0.00612718939239206,0.011930042957722353,-0.01183599359106656,0.5970907943243493,1.0,0.8282120188037314,0.049183337298472074,0.046610015203436356,0.032271312528089076,0.028145338726668807,0.03481007629717578,0.030313170016927207,0.02523458714601849,0.038529501417376474,0.010508994207754748,0.018050255017865727,0.005555724814229266,0.009290755452681208,0.00832459710599382,0.00997482268418573
feature_64,-0.09827448199423473,-0.001252490248602071,-0.09759176566766128,-0.09871574725396276,0.00967839191621216,0.02001310880752038,0.005096812814281791,0.005437039365625391,-0.04681083152303105,0.026404952119419588,0.029187569591714275,0.03068759820053069,0.02662899314296315,0.030474815745213848,0.0386969563087393,0.2998687049784144,0.2746925243540373,0.3185219609113569,0.02248716214029771,0.03023441420131865,0.00681395115951671,-0.05999026837833987,-0.13153638354898953,0.03885419436960974,-0.20833709829032349,-0.09419111411929573,0.029110008148399723,-0.1736719601035554,-0.07801653736726787,0.2637457404488328,0.32161794281013645,-0.05965305019221636,-0.08675560526304701,0.01175600229347232,-0.0921581338331712,-0.09177129409460717,0.008805690101590978,-0.02195321742978412,-0.03166770573364181,0.07613781863647258,0.01599882329475688,0.05397765586136792,-0.04246649724168171,0.03053701893969685,-0.00748797442911328,0.024255289102975364,-0.010403866725256545,0.03136964095483964,-0.01513291036320084,0.016241349210471205,0.10022984804573588,0.11277726929787772,0.14261582730956412,-0.10419064754647761,-0.06759283461494957,-0.1297077139242543,0.047832860224858345,-0.05100560752089711,0.014068150606597041,0.0100175238150972,0.00990484651048665,-0.017193051504986574,0.7673619921755602,0.8282120188037314,1.0,0.048063683896842194,0.04435881024047629,0.028826679217960907,0.027089032391882092,0.03580837787728955,0.025352959988080483,0.022918480880751192,0.037252105401595376,0.03297260908803905,0.04306003089962492,0.01444564552969097,0.02057247959706654,0.02513681652010643,0.026697802992444033
feature_65,-0.003467181530116452,-0.15355460525267314,0.008526164938174461,0.005887591899870736,-0.03354048464819605,-0.10237514782733075,-0.0023171910050695135,-0.030452760090627536,0.2194930311128827,0.0030481814445597094,0.012722355309229069,0.02110248896876895,0.1417870895131221,0.05963800215286203,0.09044499312063531,0.10476999606415692,0.10323944330984465,0.11312792911772925,0.7752627586534963,-0.1574207244789527,0.04533875644939461,0.02663550890797713,0.006238541410191796,0.08606443096385744,-0.05675995451003802,-0.020283702592128926,0.02670233014859624,-0.021890169897671178,-0.03147754072049696,0.1167361697140443,0.12144458245976797,0.02714263076946753,-0.02304093496249531,-0.12423397330513408,-0.009408743167340373,-0.009542049929129104,-0.024316665853770545,0.5077075945957822,0.4333944125696532,0.01237542201451183,0.012784754401390505,0.024100187759539742,-0.09890925422646059,-0.005822941431966124,-0.027335488922893836,-0.3085015744888071,-0.4205882808332426,-0.1999020159146601,-0.008494630462733993,-0.07312495175606358,0.03936246851492979,0.058591577506350107,0.06886259992152223,-0.12444754414259042,-0.05101981923000748,-0.07152515955555586,-0.28464097104805297,-0.4433558565661981,-0.2044434500379195,-0.006859893176596973,-0.06992174707012377,-0.016109123183706553,0.028218656379011258,0.049183337298472074,0.048063683896842194,1.0,-0.1337612860240877,0.17811975641698277,0.05992195654350192,0.10756035685741706,0.08432702974055875,0.03744984877448804,0.053773267697803134,-0.049055304136894906,-0.09148189995595774,-0.002130328324468836,-0.0398546034608816,-0.01719607750694233,-0.06412863712785696
feature_66,-0.027347697921920388,-0.0953389712925688,-0.020282436101352483,-0.020983390985272663,-0.0236324068502819,0.14126633312189846,0.004008586602090813,0.0434910267193141,-0.21097213664557887,0.003126422502831574,0.03842048114092364,0.01409793879390397,-0.07377343583783653,-0.0348083144053154,-0.0652713176603477,0.09354699772972917,0.09110998243413032,0.10475786664602653,-0.14252542915265257,0.7776121725027719,0.029660529654964025,0.0028977102484885405,-0.003237761231286806,0.06563297583677809,-0.04719816870951457,-0.015388062596320484,0.011711877189968313,-0.00492510587534622,-0.008198652402521338,0.10398373818235031,0.11006245750552834,0.005198456371418174,0.013386248228882836,0.134225700998989,-0.009843575018462922,-0.008938246505647469,-0.005404601533443788,-0.5035621278833151,-0.4184491629463962,0.054317130015317114,0.01083502609495145,0.005513011816611422,0.02933483725709332,0.018193916052084872,0.0180812916992466,0.40171797632769335,0.3335371223846849,0.20166702797271382,0.003095991532325277,0.060580199082116974,0.05777293415442277,0.04993108708192609,0.03556337197072908,0.015484364152600842,-0.014690423325569519,-0.022939134571449745,0.40834610526918036,0.3341944285912604,0.19521835022894113,0.002532884101729984,0.06146301268860423,0.007197125235081383,0.025080292091224577,0.046610015203436356,0.04435881024047629,-0.1337612860240877,1.0,-0.1062774441263407,-0.038563296982576115,-0.08011913911869244,-0.02869938228614472,-0.015207247541906867,-0.03724549253970281,-0.09005884970498147,-0.0453449748119745,-0.04326808877471182,-0.005311446681743003,-0.06470294727291899,-0.019683667209047975
feature_67,0.009059817177983794,0.015387914176508281,0.009265086876909676,0.008376944005224905,-0.009875823103322398,-0.08832004668849637,-0.009668122298115086,-0.04260330484357133,0.0772603340975475,-0.009856760434785547,-0.009023813222900669,0.008604349154975852,0.9389275282185995,0.4659040454341084,0.7635658797766179,0.037557407656550884,0.040252291833525515,0.03551709312561095,0.18596380814561098,-0.11114228871687679,-0.016414169407161013,-0.03856446875265639,-0.040820353801580306,0.010092423452974297,-0.02797671875168979,0.0010942516047100432,-0.008833165707264747,-0.01789585872029796,-0.016907337330192243,0.0430452398239178,0.047687730625376845,-0.037855500918387894,-0.02637014519635404,-0.09643896980081908,-0.0112417035162974,-0.007912946065430727,0.00776617627637202,0.26392066523094465,0.27225679046751644,0.13914389300255497,0.04724122667528343,0.1114731898511045,-0.2928027300149006,-0.06239679656488454,-0.14833812953472522,-0.0681683802608038,-0.3275212752057744,-0.2714986508060068,-0.01528623957059268,-0.11540872054677692,0.17861911272768202,0.11635478045425539,0.16296078999623437,-0.3233590083441163,-0.11060705687175336,-0.1929300219565285,-0.061251879983967486,-0.34945557007899336,-0.2850199605162851,-0.0222857754491268,-0.13063470854151224,-0.026570565177728253,0.0332519723110473,0.032271312528089076,0.028826679217960907,0.17811975641698277,-0.1062774441263407,1.0,0.39967977824735423,0.7463801394605712,0.8396720461730224,0.37373341926700804,0.6819083847583348,0.034444249118518254,0.005862744056063987,0.029870037172258328,0.007130462701260919,0.035893252101931984,0.006791768383372959
feature_68,0.003270096503172841,0.014870076790894481,0.0039048129142180395,0.0011037056025454649,-0.013465864367414399,-0.051438800478690996,-0.0833624855565415,-0.07797946211133724,0.027948645517687738,-0.011368249503256243,-0.007742093033064158,-0.004660340776911103,0.37012873153708153,0.855160145256008,0.5910907242199703,0.013142899662329082,0.01817855902025102,0.01631147463699296,0.06584702033975463,-0.03705538626613595,-0.011641776415307626,-0.02740719878235706,-0.025889310277948944,-0.003624518921251915,-0.015500808936571997,-0.0034496553289045584,-0.008491808181018605,-0.0039931350092254824,-0.004102549572447224,0.012967220304302616,0.016395277382919564,-0.02915447792897842,-0.007526089772268889,-0.028729419377695357,-0.004149332239035204,-0.001027687422454112,0.02016995918060997,0.10662328452162485,0.10602761943590529,-0.017101747840462322,0.006444596052323516,0.015406868250074252,-0.20139765102872287,-0.13248644621624045,-0.23152988327219948,-0.09516670839677555,-0.1334504711599776,-0.17806973417998836,-0.23898478076054602,-0.25143355396694883,-0.020245973737921273,0.07981969003927787,0.03556241004751563,-0.22842085747673357,-0.17958066011445667,-0.3042681505744953,-0.11102773796528459,-0.14088869947723925,-0.2117312832981894,-0.3038587369804146,-0.28424967155220365,-0.012865864891202717,0.022415304858975724,0.028145338726668807,0.027089032391882092,0.05992195654350192,-0.038563296982576115,0.39967977824735423,1.0,0.6516077642208838,0.3179302764801816,0.42269329650123943,0.43941283592404473,0.031147977005315283,0.018907656681742484,0.05464903042831821,0.04461245407873311,0.0341609072150094,0.022208464204906447
feature_69,0.01403803983928283,0.03811729482342449,0.01187374455300203,0.011709601027233655,0.003180548781818387,-0.09037585978396578,-0.025910129832395344,-0.08043515337949993,0.05435780684284149,-0.011046478293373452,-0.007995589598413264,0.0008591586414637503,0.7114312740371176,0.6805036255763273,0.9172572248510729,0.030270099269824872,0.03282629815867213,0.02935422886241343,0.11636916460568196,-0.07670426716891725,-0.01391088567424685,-0.03389584675350456,-0.038709812452023304,0.001852815153960852,-0.023892252179700625,-0.0035485646109803767,-0.008017383296534569,-0.015165068245731255,-0.014505769777953113,0.0340020270179849,0.035883161175007595,-0.0343156355682885,-0.020549818714648182,-0.06505294554239172,-0.008165574369839352,-0.005313799859792973,0.02166173672483344,0.1869790144187364,0.18637300582098204,0.05918782809766923,0.0485716635895985,0.11022956026559885,-0.3366272266810643,-0.09534796180484897,-0.24146406640001264,-0.12763515138648907,-0.22830963518430233,-0.3018750384547571,-0.08200720790613898,-0.26427552483096695,0.08719487978886997,0.1299173964788181,0.17504329995697712,-0.3742398806118415,-0.13568502077276307,-0.30451282540132363,-0.13226347728752608,-0.2449570140679688,-0.33290900835913023,-0.10103955101072495,-0.2948645652738923,-0.021234240518378092,0.03544383366760756,0.03481007629717578,0.03580837787728955,0.10756035685741706,-0.08011913911869244,0.7463801394605712,0.6516077642208838,1.0,0.6095477899296758,0.47518113626983793,0.7384984890204841,0.047016260038610626,0.02618370928795307,0.04844850442281,0.031062377734663815,0.05092126311990164,0.030840320676295094
feature_70,0.011051723769265134,0.03263147845920367,0.008398477713842691,0.008768008646461803,-0.004553415002465541,0.07125323355556773,0.0005443186731295892,0.041346560291076306,-0.019271986029292774,-0.010415145495803281,-0.007657149643227437,-0.0069656936770225745,0.9194847328180626,0.43739303033192883,0.7264493669062759,0.01723833966376175,0.014834096150068839,0.009740678093770097,0.08992122878201275,-0.030950230011087543,-0.03126972238794729,-0.06134653463394757,-0.06572000025002869,-0.03112813780281458,-0.01678001834796033,-9.614582408963001e-05,-0.024245103136730124,-0.019318072123221754,-0.009484283944350337,0.00550375724649223,0.012421595546262326,-0.05986114852529703,-0.02456084122525031,-0.04201143082322452,-0.018638756548870702,-0.015660919227551022,0.002302117793394963,0.09690345482242424,0.11423126116738487,0.24672891885000175,0.05596861274993257,0.14476081846103178,-0.18673706950022548,-0.049730345593934355,-0.10824899879437322,0.11714170459937129,-0.17933049483533614,-0.023228301199597994,0.020535613754884528,0.044517845864881805,0.27849792543594726,0.09987084010574092,0.18436177912972146,-0.2214667405430895,-0.10437823177369845,-0.15761331449539726,0.13170761907517772,-0.19597415345627942,-0.010760895644364197,0.025367756894629587,0.03937578403775046,-0.01938250698897324,0.035983615058734326,0.030313170016927207,0.025352959988080483,0.08432702974055875,-0.02869938228614472,0.8396720461730224,0.3179302764801816,0.6095477899296758,1.0,0.4311785338802975,0.7716179866635476,0.052582325290827035,0.0392433773346974,0.04014250123204957,0.029139403449889727,0.05024921706383155,0.0360513395984146
feature_71,0.009462972969171944,0.026201232539733464,0.00977598645279498,0.009655002815395988,0.007182810663312208,0.060424304349089956,0.10219497761653053,0.1089401210704916,-0.008481904894867293,-0.0026117639318658055,-0.00898752004134223,0.002749497922261709,0.4175853755167838,0.7717183231253355,0.5930689635339556,0.0028263952572036913,0.013063534709120935,0.005138113598850408,0.04583479232994654,-0.012631101943558863,-0.019179514858199263,-0.03574185620969083,-0.03848965134924824,-0.02302326568722412,-0.012435747118906326,-0.005907544391455582,-0.012368089830315641,-0.006077023025969518,-0.004824974823796766,-0.002965617983989513,-0.0022751343845845433,-0.03631355391342243,-0.00618061319446434,-0.016682062149210496,-0.0022171327520006264,-0.002471375972641172,0.004738546173864129,0.03783092519802516,0.0464095337740961,0.14697779895665966,0.11690304253019494,0.19718944995838697,-0.053913785842404006,-0.025464536588915967,-0.04557191518415835,0.023656523127437032,-0.040383608835905,-0.01017037147224852,0.18952703807362478,0.10022920735692147,0.17108477853583673,0.17748318234369745,0.27646334860329463,-0.062375177667999104,-0.10117729693353367,-0.07328966891157963,0.026540959628399644,-0.043021406852511754,0.007604504759292241,0.24455570629897172,0.11027109950529321,-0.011402761703180364,0.024501492442707693,0.02523458714601849,0.022918480880751192,0.03744984877448804,-0.015207247541906867,0.37373341926700804,0.42269329650123943,0.47518113626983793,0.4311785338802975,1.0,0.6646044373547959,0.03659886527964887,0.029179935535891308,0.05424726742051312,0.04813940562110465,0.0379464773964158,0.032898647739151014
feature_72,0.014041416725396586,0.05451866293878109,0.010178265505001038,0.011356534335336243,0.01128319981447809,0.08904219961239616,0.03170786122070056,0.11233220679478075,-0.014912813590667833,-0.006573534093655881,-0.0076419487972490254,-0.004053320243242328,0.7475207917416963,0.6406187946434667,0.8926815748689524,0.024236347949079317,0.024615392305099803,0.0205609623801568,0.06131384787078807,-0.033389006407343935,-0.022587027926537873,-0.048087168117795086,-0.054912236400011735,-0.023744609123488126,-0.02021780212751954,-0.00525950536171803,-0.016723564753946922,-0.015428564280316498,-0.01064371505359324,0.013552439863316943,0.016141865387847405,-0.047905843082510315,-0.020924610417257822,-0.03035647637807643,-0.012909856903666125,-0.011589996752955422,0.00412373460683598,0.07068769632155943,0.07920248733220998,0.2608533414152468,0.08491404631857351,0.22761382597233892,-0.15924924092836054,-0.05840808603695688,-0.12880132766762592,0.045652352533210296,-0.09131028504108055,-0.027962087145519496,0.06224464915582473,0.08462552330640417,0.2986130539059636,0.13422317838906705,0.29715401784958995,-0.19098887308066254,-0.13340270079408428,-0.1937382806226123,0.05325221064555912,-0.1039711091064435,-0.014038149607533112,0.07709007639813575,0.08445262048591252,-0.014441227851823623,0.03981665889428774,0.038529501417376474,0.037252105401595376,0.053773267697803134,-0.03724549253970281,0.6819083847583348,0.43941283592404473,0.7384984890204841,0.7716179866635476,0.6646044373547959,1.0,0.07395705235532672,0.06224144924953192,0.06302353665502224,0.05346892856756619,0.07227453129053174,0.06394562117734007
feature_73,0.0371727110667084,0.03824727812762824,0.03193293803451124,0.034245339810418544,0.022052613236681052,0.023499162394700655,0.0073567377011150925,-0.0020422143975745446,-0.04551196941042195,0.0009636553889196153,-0.04549869305439463,-0.0783885279241508,0.04254470599750528,0.04418288307777787,0.06534827080820645,-0.0496126908689633,-0.07077195294322035,-0.06990492392523262,-0.04921172494389346,-0.08823763836833014,-0.12312241971551628,-0.06389746172571541,-0.14474019892052944,-0.2583075263367294,0.008514600164179723,0.0030140789557109296,-0.06615869752996265,-0.03459472672774122,-0.0038911405445576325,-0.17004676840301133,-0.15281526751332017,-0.06526338232727329,0.003938470554644301,-0.009409892172826348,0.00534685962383276,0.006067031657394196,-0.0031098133450288582,0.03812000819795065,0.013158599099006773,0.059379997658710694,0.011690090340244532,0.033430045376701537,-0.059513883889826404,-0.012365109771556226,-0.03203215022302692,0.021364499315727346,-0.06101194379704498,-0.006000088205234343,0.009731275843607173,-0.0005243655785021163,0.0718419964372141,-0.02735051826450973,0.03546452703697323,-0.06937766175717724,0.012849773981938643,-0.03507891138658744,0.036521239319970845,-0.07246249703256154,-0.0018249111526053479,0.012321578283810163,0.0023627398736475996,-0.019201166549949536,0.04574326407213979,0.010508994207754748,0.03297260908803905,-0.049055304136894906,-0.09005884970498147,0.034444249118518254,0.031147977005315283,0.047016260038610626,0.052582325290827035,0.03659886527964887,0.07395705235532672,1.0,0.9570201370696516,0.661226182597069,0.6571934556296195,0.885359746664976,0.8745509306632248
feature_74,0.02638403476152891,0.029112152811317668,0.022652827162750567,0.02461326109899379,0.019815043879649302,0.048353885986516645,0.00784568091562211,0.004116891864579096,-0.10082602336048102,0.00021846850335313094,-0.043205035888424746,-0.07745919089333944,0.020658412045217307,0.03174510597302121,0.04752842365529751,-0.043601776063440026,-0.0663523793716109,-0.06531013645442035,-0.09457464214224759,-0.03999989619052982,-0.12085691697866083,-0.06707891443909886,-0.14558672940520095,-0.25809231170563884,0.003443729101263856,-0.0007339317601448327,-0.0635598381786508,-0.031270127523172375,-0.0001781019403069077,-0.16819462185288844,-0.1496073906159009,-0.06859887529873769,0.00032327278213650096,0.0166283147321146,-0.0036512277760110882,-0.002384777162521784,-0.003163354607050823,-0.0401764750409279,-0.08370045798652068,0.07232227234289516,0.015172019481266999,0.03640345961670343,-0.044881118046958504,-0.006275320339385138,-0.023131299896144708,0.07337945491781599,-0.012253352499834601,0.037938710903225675,0.010171942169881773,0.019000631884310632,0.08335098074141388,-0.024214677719549584,0.037126129583063175,-0.0552365956643222,0.015466543923247825,-0.03155830256498366,0.08938522752155756,-0.021426206642112932,0.04095027813771826,0.0156270996553484,0.021418873966999832,-0.014179175503647055,0.053739201005623384,0.018050255017865727,0.04306003089962492,-0.09148189995595774,-0.0453449748119745,0.005862744056063987,0.018907656681742484,0.02618370928795307,0.0392433773346974,0.029179935535891308,0.06224144924953192,0.9570201370696516,1.0,0.6585953156595991,0.6611632952485383,0.8798194091046727,0.8789161377849536
feature_75,0.034337280722769176,0.012249076176416828,0.03278501418276751,0.033340679716560837,0.0062505659078442065,0.032137541895588685,0.008021789942177424,0.01954960866373191,-0.032239951051807346,0.0009887091498936716,-0.0337844533403,-0.05543437139542886,0.034219574430734354,0.06477566920501346,0.057821610129926475,-0.038723808715583334,-0.01823791710881761,-0.03988940058049742,0.000599624773216242,-0.041330606335182735,-0.0901304826506206,-0.04170511430083559,-0.09783326346647492,-0.18724816151688395,0.0077350829014439775,0.00593216511699844,-0.05098210580130098,-0.021677284771599078,0.002056646830212676,-0.1300516116872957,-0.1171036706441664,-0.043150954162123514,0.008476499784519503,-0.009015235629369265,0.009406650178119426,0.011603446840575017,0.004533445202946481,0.03623540101051287,0.02044814229501173,0.06018179067486277,0.020949783518470495,0.04551995157042177,-0.05164972768665142,-0.01338317349005692,-0.03181581481155365,0.033072859281192156,-0.06786481122675499,0.00045610403970109444,0.009370558733219944,0.009858029755239027,0.0754312639557611,0.023892213855958352,0.07856786634043386,-0.06706304265523781,-0.02888375139096814,-0.063095630326164,0.041581825608998486,-0.07455912130515434,0.0028750853134190454,0.014381410761661766,0.010442622419603793,-0.01500129500333067,0.024019058049809004,0.005555724814229266,0.01444564552969097,-0.002130328324468836,-0.04326808877471182,0.029870037172258328,0.05464903042831821,0.04844850442281,0.04014250123204957,0.05424726742051312,0.06302353665502224,0.661226182597069,0.6585953156595991,1.0,0.9568964257648068,0.8071795707407821,0.803105767550079
feature_76,0.024730533444300304,0.010182455061483213,0.023875807999542923,0.02493677076146557,0.006623867134750681,0.05574588097522431,0.009645916169792048,0.02904085282261407,-0.07791018411213757,0.001707431994503592,-0.03297233083045182,-0.053776276131365534,0.01628161019455419,0.05513618548249745,0.04331234490572458,-0.03548463352019885,-0.015107141640691218,-0.036918355929861264,-0.040347295733143836,-0.0009830926947450346,-0.08827720132366217,-0.043669362002562155,-0.09814994671305313,-0.1867291719546455,0.0028655340396744424,0.003932056849801735,-0.0499945847606273,-0.021217731880090508,0.0033894436537020805,-0.12685796086996765,-0.11316759850121981,-0.044897767025367345,0.007736805012260343,0.012759674656074938,0.005458032913546103,0.007516790592821837,0.004572301440996246,-0.03429078805785521,-0.062183912243039034,0.06617930830906157,0.019453796843446405,0.045933072570171735,-0.03837378882153691,-0.009012232331224737,-0.02656268267674043,0.07401737707189263,-0.025732996307426967,0.03955476041578487,0.007412882524490581,0.02359284005511147,0.08174389662793517,0.022979791358939034,0.08045880578634411,-0.05410654704952992,-0.026812271449242645,-0.05840299093227171,0.08462848699804122,-0.029060132396631827,0.041405999011135376,0.017887053326632586,0.027381270404418144,-0.015350968396242892,0.02756907970279304,0.009290755452681208,0.02057247959706654,-0.0398546034608816,-0.005311446681743003,0.007130462701260919,0.04461245407873311,0.031062377734663815,0.029139403449889727,0.04813940562110465,0.05346892856756619,0.6571934556296195,0.6611632952485383,0.9568964257648068,1.0,0.7998273826685148,0.8085813746294122
feature_77,0.04088891771732428,0.018308484532147278,0.036861251483656335,0.03882484008231714,0.011750250784058917,0.030550146039496042,0.0058634695386498405,0.00564900581771247,-0.043653945976342555,-0.00043285536247317723,-0.041223033690339035,-0.06909569344803744,0.043070581195083765,0.04471990221155944,0.06683915611192703,-0.045328028963937166,-0.04947029390697382,-0.052130775073788764,-0.016144004559919878,-0.06385977322607163,-0.11405747525390582,-0.054785192007964736,-0.12547016485552046,-0.23267509903832145,0.005365598302162429,0.005323879287605642,-0.062251921602264566,-0.02779367099129108,-8.093920234753716e-05,-0.1588025782506873,-0.14221203426096918,-0.056610873498644146,0.008724687813339727,-0.013239720826917902,0.010719198857374124,0.010916283245587877,-0.0011489180527390025,0.042676081411211875,0.02091857335975318,0.06589419472093645,0.016189086584484168,0.042918733938978056,-0.06378370383034165,-0.011938213066558649,-0.03334369966153439,0.033197118572066385,-0.07572592356822974,-0.002482790503238018,0.010008584043744478,0.007401267049321637,0.08319619919356669,-0.00858977990834252,0.061020765199684565,-0.07720563800599851,-0.0013615099160529073,-0.054595559450074334,0.04765900267866951,-0.08694505065645282,0.00252220265295842,0.01244842699925507,0.00619839434209749,-0.01730425784520933,0.032761974959989906,0.00832459710599382,0.02513681652010643,-0.01719607750694233,-0.06470294727291899,0.035893252101931984,0.0341609072150094,0.05092126311990164,0.05024921706383155,0.0379464773964158,0.07227453129053174,0.885359746664976,0.8798194091046727,0.8071795707407821,0.7998273826685148,1.0,0.956132302539319
feature_78,0.03118664216594615,0.013727677775379341,0.027833599409714797,0.029537620855238894,0.011061703700875494,0.057296988663369526,0.01102190294952761,0.018117181792977676,-0.09552496981550057,0.0010137935087702376,-0.04024923117653505,-0.06953471316440787,0.020519719190464508,0.034378649377590775,0.050243822015243446,-0.04293662422065774,-0.04692772515012847,-0.04967642208981625,-0.06625200296580923,-0.015039049791784219,-0.11096977471160972,-0.0584476955791429,-0.1283964945056951,-0.23677165179815812,0.0021168975788420767,0.002929289673241147,-0.06382885754293759,-0.026420865658862404,0.0029944320610083217,-0.15915827502817148,-0.1413095154179599,-0.060126713016136944,0.007078020342772063,0.016306595431787172,0.00439855447061596,0.004750131184424512,-0.0025039846193391645,-0.042963741168241684,-0.07668984200112061,0.07794089042156425,0.017421114047558594,0.04466198200665231,-0.047564250504678426,-0.00770336949598176,-0.026948158327041487,0.08395967086364849,-0.025822930117875384,0.043755993112537944,0.013614721774455423,0.026591794264410263,0.0949601291583872,-0.007040669597567366,0.06554522368270972,-0.06167324206162029,0.0020098897948867813,-0.05001106823928641,0.09990131553446421,-0.033593550130992196,0.04717698969196293,0.016699505133038636,0.027061811663737514,-0.012790432930012386,0.03536379013985831,0.00997482268418573,0.026697802992444033,-0.06412863712785696,-0.019683667209047975,0.006791768383372959,0.022208464204906447,0.030840320676295094,0.0360513395984146,0.032898647739151014,0.06394562117734007,0.8745509306632248,0.8789161377849536,0.803105767550079,0.8085813746294122,0.956132302539319,1.0
